trial,testing,parameters,initial_deadline,final_deadline,net_reward,actions,success
1,False,"{'a': 0.99, 'e': 0.9686142949984503}",25,2,-54.72966829069094,"{0: 15, 1: 0, 2: 8, 3: 0, 4: 0}",1
2,False,"{'a': 0.99, 'e': 0.9672285899969006}",25,0,-116.7350407359104,"{0: 15, 1: 0, 2: 9, 3: 0, 4: 1}",0
3,False,"{'a': 0.99, 'e': 0.965842884995351}",20,0,-82.79255271592015,"{0: 13, 1: 0, 2: 6, 3: 0, 4: 1}",0
4,False,"{'a': 0.99, 'e': 0.9644571799938013}",30,0,-146.1775981913939,"{0: 17, 1: 4, 2: 7, 3: 0, 4: 2}",0
5,False,"{'a': 0.99, 'e': 0.9630714749922517}",25,0,-114.0795769554363,"{0: 14, 1: 3, 2: 6, 3: 1, 4: 1}",0
6,False,"{'a': 0.99, 'e': 0.961685769990702}",25,0,-94.29017918603263,"{0: 15, 1: 4, 2: 5, 3: 0, 4: 1}",0
7,False,"{'a': 0.99, 'e': 0.9603000649891523}",20,16,5.86983930314413,"{0: 4, 1: 0, 2: 0, 3: 0, 4: 0}",1
8,False,"{'a': 0.99, 'e': 0.9589143599876027}",20,0,-103.59319673523656,"{0: 10, 1: 3, 2: 6, 3: 0, 4: 1}",0
9,False,"{'a': 0.99, 'e': 0.957528654986053}",30,0,-254.53577368060346,"{0: 14, 1: 2, 2: 10, 3: 0, 4: 4}",0
10,False,"{'a': 0.99, 'e': 0.9561429499845033}",25,0,-38.04208404539193,"{0: 17, 1: 5, 2: 3, 3: 0, 4: 0}",0
11,False,"{'a': 0.99, 'e': 0.9547572449829537}",25,0,-52.89671560507322,"{0: 19, 1: 3, 2: 2, 3: 0, 4: 1}",0
12,False,"{'a': 0.99, 'e': 0.953371539981404}",30,9,-92.7059529063948,"{0: 14, 1: 1, 2: 3, 3: 2, 4: 1}",1
13,False,"{'a': 0.99, 'e': 0.9519858349798543}",30,0,-93.10813433321199,"{0: 20, 1: 3, 2: 6, 3: 0, 4: 1}",0
14,False,"{'a': 0.99, 'e': 0.9506001299783047}",20,0,-50.829458285995265,"{0: 14, 1: 1, 2: 4, 3: 1, 4: 0}",0
15,False,"{'a': 0.99, 'e': 0.949214424976755}",25,0,-229.93214172373897,"{0: 13, 1: 1, 2: 6, 3: 1, 4: 4}",0
16,False,"{'a': 0.99, 'e': 0.9478287199752053}",25,0,-17.8851025716757,"{0: 20, 1: 3, 2: 2, 3: 0, 4: 0}",0
17,False,"{'a': 0.99, 'e': 0.9464430149736557}",25,0,-48.204403593897496,"{0: 20, 1: 3, 2: 1, 3: 0, 4: 1}",0
18,False,"{'a': 0.99, 'e': 0.945057309972106}",20,2,-84.26204389662237,"{0: 11, 1: 3, 2: 2, 3: 1, 4: 1}",1
19,False,"{'a': 0.99, 'e': 0.9436716049705564}",20,0,-50.67711220989666,"{0: 13, 1: 1, 2: 6, 3: 0, 4: 0}",0
20,False,"{'a': 0.99, 'e': 0.9422858999690067}",30,0,-190.50037257177937,"{0: 15, 1: 2, 2: 8, 3: 4, 4: 1}",0
21,False,"{'a': 0.99, 'e': 0.940900194967457}",20,0,-69.21743010733812,"{0: 15, 1: 1, 2: 2, 3: 1, 4: 1}",0
22,False,"{'a': 0.99, 'e': 0.9395144899659074}",20,0,-151.88056621409487,"{0: 11, 1: 3, 2: 3, 3: 0, 4: 3}",0
23,False,"{'a': 0.99, 'e': 0.9381287849643577}",30,0,-89.19962502589092,"{0: 21, 1: 3, 2: 4, 3: 1, 4: 1}",0
24,False,"{'a': 0.99, 'e': 0.936743079962808}",30,0,-85.77295943018139,"{0: 21, 1: 2, 2: 4, 3: 3, 4: 0}",0
25,False,"{'a': 0.99, 'e': 0.9353573749612584}",25,12,-123.88419817054172,"{0: 8, 1: 1, 2: 1, 3: 0, 4: 3}",1
26,False,"{'a': 0.99, 'e': 0.9339716699597087}",35,0,-204.11983035965804,"{0: 20, 1: 5, 2: 6, 3: 1, 4: 3}",0
27,False,"{'a': 0.99, 'e': 0.932585964958159}",25,1,-121.49195760695335,"{0: 17, 1: 1, 2: 2, 3: 2, 4: 2}",1
28,False,"{'a': 0.99, 'e': 0.9312002599566094}",30,0,-125.27934007065335,"{0: 19, 1: 1, 2: 8, 3: 1, 4: 1}",0
29,False,"{'a': 0.99, 'e': 0.9298145549550597}",20,0,-68.31909807782283,"{0: 14, 1: 0, 2: 4, 3: 2, 4: 0}",0
30,False,"{'a': 0.99, 'e': 0.92842884995351}",20,0,-74.06930852512542,"{0: 14, 1: 2, 2: 2, 3: 1, 4: 1}",0
31,False,"{'a': 0.99, 'e': 0.9270431449519604}",20,0,-74.6729191250634,"{0: 11, 1: 2, 2: 6, 3: 1, 4: 0}",0
32,False,"{'a': 0.99, 'e': 0.9256574399504107}",20,0,-72.1484087814984,"{0: 13, 1: 1, 2: 4, 3: 2, 4: 0}",0
33,False,"{'a': 0.99, 'e': 0.9242717349488611}",30,0,-171.50515861262755,"{0: 19, 1: 2, 2: 6, 3: 0, 4: 3}",0
34,False,"{'a': 0.99, 'e': 0.9228860299473114}",25,0,-70.07492828267222,"{0: 16, 1: 2, 2: 6, 3: 1, 4: 0}",0
35,False,"{'a': 0.99, 'e': 0.9215003249457617}",20,11,-83.07052352817884,"{0: 4, 1: 1, 2: 2, 3: 1, 4: 1}",1
36,False,"{'a': 0.99, 'e': 0.9201146199442121}",20,0,-34.471448118679035,"{0: 17, 1: 1, 2: 1, 3: 0, 4: 1}",0
37,False,"{'a': 0.99, 'e': 0.9187289149426624}",20,0,-80.1563956499395,"{0: 13, 1: 1, 2: 5, 3: 0, 4: 1}",0
38,False,"{'a': 0.99, 'e': 0.9173432099411127}",25,0,-180.47215232021682,"{0: 15, 1: 3, 2: 2, 3: 2, 4: 3}",0
39,False,"{'a': 0.99, 'e': 0.9159575049395631}",20,0,-140.48868128034206,"{0: 10, 1: 4, 2: 3, 3: 1, 4: 2}",0
40,False,"{'a': 0.99, 'e': 0.9145717999380134}",30,0,-79.13353505844358,"{0: 22, 1: 2, 2: 5, 3: 0, 4: 1}",0
41,False,"{'a': 0.99, 'e': 0.9131860949364637}",20,0,-77.8292532370705,"{0: 15, 1: 1, 2: 1, 3: 2, 4: 1}",0
42,False,"{'a': 0.99, 'e': 0.9118003899349141}",25,0,-114.5392787598747,"{0: 14, 1: 3, 2: 6, 3: 1, 4: 1}",0
43,False,"{'a': 0.99, 'e': 0.9104146849333644}",20,0,-176.73181083217872,"{0: 10, 1: 0, 2: 7, 3: 0, 4: 3}",0
44,False,"{'a': 0.99, 'e': 0.9090289799318148}",20,0,-65.50743492712226,"{0: 14, 1: 2, 2: 3, 3: 0, 4: 1}",0
45,False,"{'a': 0.99, 'e': 0.9076432749302651}",20,0,-109.45615172147315,"{0: 12, 1: 1, 2: 4, 3: 2, 4: 1}",0
46,False,"{'a': 0.99, 'e': 0.9062575699287154}",20,0,-190.57453624855162,"{0: 7, 1: 4, 2: 2, 3: 6, 4: 1}",0
47,False,"{'a': 0.99, 'e': 0.9048718649271658}",20,0,-187.97840502656848,"{0: 11, 1: 1, 2: 4, 3: 0, 4: 4}",0
48,False,"{'a': 0.99, 'e': 0.9034861599256161}",20,12,6.0568333793618,"{0: 7, 1: 1, 2: 0, 3: 0, 4: 0}",1
49,False,"{'a': 0.99, 'e': 0.9021004549240664}",20,0,-49.209742084329214,"{0: 15, 1: 0, 2: 3, 3: 2, 4: 0}",0
50,False,"{'a': 0.99, 'e': 0.9007147499225168}",30,0,-92.68775821386596,"{0: 21, 1: 2, 2: 5, 3: 1, 4: 1}",0
51,False,"{'a': 0.99, 'e': 0.8993290449209671}",25,0,-163.53254006367132,"{0: 14, 1: 2, 2: 5, 3: 2, 4: 2}",0
52,False,"{'a': 0.99, 'e': 0.8979433399194174}",20,0,-66.06867685435532,"{0: 14, 1: 2, 2: 3, 3: 0, 4: 1}",0
53,False,"{'a': 0.99, 'e': 0.8965576349178678}",20,0,-109.80381639237115,"{0: 13, 1: 2, 2: 3, 3: 0, 4: 2}",0
54,False,"{'a': 0.99, 'e': 0.8951719299163181}",20,3,-121.03938423733061,"{0: 10, 1: 1, 2: 3, 3: 1, 4: 2}",1
55,False,"{'a': 0.99, 'e': 0.8937862249147684}",25,0,-76.57374758114328,"{0: 16, 1: 3, 2: 4, 3: 2, 4: 0}",0
56,False,"{'a': 0.99, 'e': 0.8924005199132188}",30,0,-224.11182384706407,"{0: 19, 1: 0, 2: 6, 3: 1, 4: 4}",0
57,False,"{'a': 0.99, 'e': 0.8910148149116691}",20,0,-89.36857888803712,"{0: 12, 1: 3, 2: 3, 3: 1, 4: 1}",0
58,False,"{'a': 0.99, 'e': 0.8896291099101195}",20,0,-89.67838902268771,"{0: 13, 1: 1, 2: 4, 3: 1, 4: 1}",0
59,False,"{'a': 0.99, 'e': 0.8882434049085698}",25,0,-262.930961900846,"{0: 12, 1: 1, 2: 7, 3: 0, 4: 5}",0
60,False,"{'a': 0.99, 'e': 0.8868576999070201}",25,0,-167.52542576810902,"{0: 10, 1: 6, 2: 7, 3: 0, 4: 2}",0
61,False,"{'a': 0.99, 'e': 0.8854719949054705}",25,0,-60.29543152216479,"{0: 18, 1: 2, 2: 3, 3: 2, 4: 0}",0
62,False,"{'a': 0.99, 'e': 0.8840862899039208}",30,0,-65.2278585416495,"{0: 20, 1: 4, 2: 5, 3: 1, 4: 0}",0
63,False,"{'a': 0.99, 'e': 0.8827005849023711}",20,0,-40.015708915894706,"{0: 16, 1: 2, 2: 1, 3: 0, 4: 1}",0
64,False,"{'a': 0.99, 'e': 0.8813148799008215}",20,0,-37.981257490324964,"{0: 13, 1: 2, 2: 5, 3: 0, 4: 0}",0
65,False,"{'a': 0.99, 'e': 0.8799291748992718}",20,0,-80.48000126746895,"{0: 12, 1: 4, 2: 2, 3: 1, 4: 1}",0
66,False,"{'a': 0.99, 'e': 0.8785434698977221}",30,0,-60.99929328186678,"{0: 20, 1: 4, 2: 6, 3: 0, 4: 0}",0
67,False,"{'a': 0.99, 'e': 0.8771577648961725}",30,0,-178.28644739908083,"{0: 18, 1: 2, 2: 7, 3: 0, 4: 3}",0
68,False,"{'a': 0.99, 'e': 0.8757720598946228}",30,0,-162.78649337000547,"{0: 16, 1: 1, 2: 11, 3: 1, 4: 1}",0
69,False,"{'a': 0.99, 'e': 0.8743863548930731}",30,0,-114.95410976444772,"{0: 24, 1: 1, 2: 2, 3: 0, 4: 3}",0
70,False,"{'a': 0.99, 'e': 0.8730006498915235}",20,0,-65.43307605233846,"{0: 12, 1: 2, 2: 5, 3: 1, 4: 0}",0
71,False,"{'a': 0.99, 'e': 0.8716149448899738}",35,0,-169.12712386511217,"{0: 20, 1: 4, 2: 8, 3: 1, 4: 2}",0
72,False,"{'a': 0.99, 'e': 0.8702292398884242}",20,0,-88.50527204956404,"{0: 13, 1: 2, 2: 3, 3: 1, 4: 1}",0
73,False,"{'a': 0.99, 'e': 0.8688435348868745}",30,0,-103.17145961557338,"{0: 17, 1: 10, 2: 1, 3: 1, 4: 1}",0
74,False,"{'a': 0.99, 'e': 0.8674578298853248}",30,0,-135.29487432122383,"{0: 23, 1: 2, 2: 1, 3: 1, 4: 3}",0
75,False,"{'a': 0.99, 'e': 0.8660721248837752}",25,0,-32.01244231223326,"{0: 20, 1: 2, 2: 1, 3: 2, 4: 0}",0
76,False,"{'a': 0.99, 'e': 0.8646864198822255}",20,0,-68.17219604889563,"{0: 13, 1: 3, 2: 3, 3: 0, 4: 1}",0
77,False,"{'a': 0.99, 'e': 0.8633007148806758}",20,6,-61.86900128397958,"{0: 9, 1: 1, 2: 3, 3: 0, 4: 1}",1
78,False,"{'a': 0.99, 'e': 0.8619150098791262}",20,0,-33.35982097997036,"{0: 15, 1: 2, 2: 2, 3: 1, 4: 0}",0
79,False,"{'a': 0.99, 'e': 0.8605293048775765}",20,0,-140.24080682174926,"{0: 13, 1: 1, 2: 3, 3: 0, 4: 3}",0
80,False,"{'a': 0.99, 'e': 0.8591435998760268}",25,0,-142.5142508012389,"{0: 14, 1: 2, 2: 7, 3: 0, 4: 2}",0
81,False,"{'a': 0.99, 'e': 0.8577578948744772}",20,0,-65.79855269120894,"{0: 14, 1: 2, 2: 2, 3: 1, 4: 1}",0
82,False,"{'a': 0.99, 'e': 0.8563721898729275}",25,1,-68.51744869845004,"{0: 15, 1: 2, 2: 6, 3: 1, 4: 0}",1
83,False,"{'a': 0.99, 'e': 0.8549864848713778}",30,0,-238.77750467574333,"{0: 18, 1: 2, 2: 5, 3: 0, 4: 5}",0
84,False,"{'a': 0.99, 'e': 0.8536007798698282}",30,0,-109.48947661092484,"{0: 20, 1: 1, 2: 7, 3: 1, 4: 1}",0
85,False,"{'a': 0.99, 'e': 0.8522150748682785}",30,0,-111.14146880056073,"{0: 20, 1: 4, 2: 3, 3: 2, 4: 1}",0
86,False,"{'a': 0.99, 'e': 0.8508293698667289}",20,0,-34.274326437099944,"{0: 15, 1: 1, 2: 3, 3: 1, 4: 0}",0
87,False,"{'a': 0.99, 'e': 0.8494436648651792}",20,0,-119.08235695376219,"{0: 13, 1: 1, 2: 3, 3: 1, 4: 2}",0
88,False,"{'a': 0.99, 'e': 0.8480579598636295}",30,19,-41.69407753868264,"{0: 8, 1: 1, 2: 1, 3: 0, 4: 1}",1
89,False,"{'a': 0.99, 'e': 0.8466722548620799}",20,0,-119.3081739034272,"{0: 14, 1: 1, 2: 1, 3: 2, 4: 2}",0
90,False,"{'a': 0.99, 'e': 0.8452865498605302}",25,0,-166.2427696473697,"{0: 15, 1: 0, 2: 5, 3: 3, 4: 2}",0
91,False,"{'a': 0.99, 'e': 0.8439008448589805}",25,0,-86.35837744863338,"{0: 16, 1: 2, 2: 5, 3: 2, 4: 0}",0
92,False,"{'a': 0.99, 'e': 0.8425151398574309}",20,0,-77.27004653367993,"{0: 14, 1: 2, 2: 2, 3: 1, 4: 1}",0
93,False,"{'a': 0.99, 'e': 0.8411294348558812}",20,0,-90.67040275159255,"{0: 15, 1: 1, 2: 2, 3: 0, 4: 2}",0
94,False,"{'a': 0.99, 'e': 0.8397437298543315}",20,0,-63.965440989565096,"{0: 15, 1: 0, 2: 4, 3: 0, 4: 1}",0
95,False,"{'a': 0.99, 'e': 0.8383580248527819}",35,0,-93.97695606396991,"{0: 24, 1: 3, 2: 7, 3: 0, 4: 1}",0
96,False,"{'a': 0.99, 'e': 0.8369723198512322}",25,0,-165.3400258890204,"{0: 16, 1: 2, 2: 3, 3: 1, 4: 3}",0
97,False,"{'a': 0.99, 'e': 0.8355866148496826}",20,0,-90.71378057774409,"{0: 15, 1: 0, 2: 3, 3: 0, 4: 2}",0
98,False,"{'a': 0.99, 'e': 0.8342009098481329}",30,0,-120.77985325593278,"{0: 22, 1: 2, 2: 2, 3: 2, 4: 2}",0
99,False,"{'a': 0.99, 'e': 0.8328152048465832}",20,0,-65.27915589778583,"{0: 12, 1: 0, 2: 8, 3: 0, 4: 0}",0
100,False,"{'a': 0.99, 'e': 0.8314294998450336}",20,0,-66.81420519566109,"{0: 12, 1: 2, 2: 5, 3: 1, 4: 0}",0
101,False,"{'a': 0.99, 'e': 0.8300437948434839}",20,4,-38.35813109711004,"{0: 11, 1: 1, 2: 3, 3: 1, 4: 0}",1
102,False,"{'a': 0.99, 'e': 0.8286580898419342}",30,0,-124.66358517359033,"{0: 20, 1: 3, 2: 5, 3: 0, 4: 2}",0
103,False,"{'a': 0.99, 'e': 0.8272723848403846}",30,0,-178.5221049234357,"{0: 18, 1: 3, 2: 4, 3: 3, 4: 2}",0
104,False,"{'a': 0.99, 'e': 0.8258866798388349}",20,0,-50.0743743517358,"{0: 14, 1: 1, 2: 4, 3: 1, 4: 0}",0
105,False,"{'a': 0.99, 'e': 0.8245009748372852}",30,0,-165.35674340922336,"{0: 20, 1: 3, 2: 3, 3: 1, 4: 3}",0
106,False,"{'a': 0.99, 'e': 0.8231152698357356}",35,0,-116.77338348413355,"{0: 27, 1: 3, 2: 2, 3: 0, 4: 3}",0
107,False,"{'a': 0.99, 'e': 0.8217295648341859}",20,8,-81.92100298625866,"{0: 8, 1: 1, 2: 1, 3: 0, 4: 2}",1
108,False,"{'a': 0.99, 'e': 0.8203438598326362}",20,0,-63.99001729775712,"{0: 14, 1: 2, 2: 2, 3: 1, 4: 1}",0
109,False,"{'a': 0.99, 'e': 0.8189581548310866}",25,0,-71.32770729242792,"{0: 19, 1: 1, 2: 4, 3: 0, 4: 1}",0
110,False,"{'a': 0.99, 'e': 0.8175724498295369}",20,5,-99.30083490605298,"{0: 10, 1: 1, 2: 1, 3: 1, 4: 2}",1
111,False,"{'a': 0.99, 'e': 0.8161867448279873}",25,0,-131.0746493628057,"{0: 16, 1: 2, 2: 4, 3: 1, 4: 2}",0
112,False,"{'a': 0.99, 'e': 0.8148010398264376}",25,0,-105.81453260754408,"{0: 18, 1: 1, 2: 2, 3: 3, 4: 1}",0
113,False,"{'a': 0.99, 'e': 0.8134153348248879}",20,0,-25.588309980570692,"{0: 15, 1: 0, 2: 5, 3: 0, 4: 0}",0
114,False,"{'a': 0.99, 'e': 0.8120296298233383}",20,0,-44.961534691053316,"{0: 14, 1: 0, 2: 6, 3: 0, 4: 0}",0
115,False,"{'a': 0.99, 'e': 0.8106439248217886}",25,0,-102.49112332437923,"{0: 19, 1: 0, 2: 2, 3: 3, 4: 1}",0
116,False,"{'a': 0.99, 'e': 0.8092582198202389}",30,12,-19.811655194577764,"{0: 13, 1: 2, 2: 3, 3: 0, 4: 0}",1
117,False,"{'a': 0.99, 'e': 0.8078725148186893}",20,0,-65.12077357759428,"{0: 13, 1: 0, 2: 6, 3: 1, 4: 0}",0
118,False,"{'a': 0.99, 'e': 0.8064868098171396}",30,0,-96.85759069158972,"{0: 23, 1: 2, 2: 2, 3: 1, 4: 2}",1
119,False,"{'a': 0.99, 'e': 0.8051011048155899}",25,0,-71.54179304748511,"{0: 18, 1: 2, 2: 4, 3: 0, 4: 1}",0
120,False,"{'a': 0.99, 'e': 0.8037153998140403}",25,12,-33.99036290417058,"{0: 11, 1: 0, 2: 1, 3: 0, 4: 1}",1
121,False,"{'a': 0.99, 'e': 0.8023296948124906}",30,0,-29.63213689005798,"{0: 25, 1: 0, 2: 4, 3: 1, 4: 0}",0
122,False,"{'a': 0.99, 'e': 0.800943989810941}",35,0,-117.18180927039444,"{0: 25, 1: 2, 2: 6, 3: 0, 4: 2}",0
123,False,"{'a': 0.99, 'e': 0.7995582848093913}",20,0,-127.24149638046217,"{0: 10, 1: 4, 2: 4, 3: 0, 4: 2}",0
124,False,"{'a': 0.99, 'e': 0.7981725798078416}",20,0,-94.27078646678498,"{0: 11, 1: 4, 2: 3, 3: 1, 4: 1}",0
125,False,"{'a': 0.99, 'e': 0.796786874806292}",20,0,-59.0702930005102,"{0: 15, 1: 0, 2: 4, 3: 0, 4: 1}",0
126,False,"{'a': 0.99, 'e': 0.7954011698047423}",25,10,-66.83922802158631,"{0: 11, 1: 0, 2: 2, 3: 1, 4: 1}",1
127,False,"{'a': 0.99, 'e': 0.7940154648031926}",30,0,-170.93491815425887,"{0: 20, 1: 1, 2: 5, 3: 1, 4: 3}",0
128,False,"{'a': 0.99, 'e': 0.792629759801643}",20,0,-64.54362117247724,"{0: 15, 1: 0, 2: 3, 3: 1, 4: 1}",0
129,False,"{'a': 0.99, 'e': 0.7912440548000933}",20,0,-186.09966297938243,"{0: 12, 1: 1, 2: 3, 3: 0, 4: 4}",0
130,False,"{'a': 0.99, 'e': 0.7898583497985436}",25,17,8.11141397716608,"{0: 7, 1: 1, 2: 0, 3: 0, 4: 0}",1
131,False,"{'a': 0.99, 'e': 0.788472644796994}",20,0,-25.758328781857543,"{0: 15, 1: 2, 2: 3, 3: 0, 4: 0}",0
132,False,"{'a': 0.99, 'e': 0.7870869397954443}",20,0,-41.21214575070891,"{0: 16, 1: 2, 2: 1, 3: 0, 4: 1}",0
133,False,"{'a': 0.99, 'e': 0.7857012347938946}",20,0,-8.75168125919944,"{0: 16, 1: 2, 2: 2, 3: 0, 4: 0}",0
134,False,"{'a': 0.99, 'e': 0.784315529792345}",25,0,-116.19369763413202,"{0: 19, 1: 3, 2: 0, 3: 0, 4: 3}",0
135,False,"{'a': 0.99, 'e': 0.7829298247907953}",25,12,-22.610610484950882,"{0: 12, 1: 0, 2: 0, 3: 0, 4: 1}",1
136,False,"{'a': 0.99, 'e': 0.7815441197892457}",30,0,-138.48087186268899,"{0: 22, 1: 3, 2: 1, 3: 1, 4: 3}",0
137,False,"{'a': 0.99, 'e': 0.780158414787696}",25,0,-158.49010706208207,"{0: 15, 1: 2, 2: 5, 3: 0, 4: 3}",0
138,False,"{'a': 0.99, 'e': 0.7787727097861463}",20,0,-46.48697900764826,"{0: 13, 1: 1, 2: 6, 3: 0, 4: 0}",0
139,False,"{'a': 0.99, 'e': 0.7773870047845967}",30,11,-52.88920329340175,"{0: 14, 1: 1, 2: 3, 3: 0, 4: 1}",1
140,False,"{'a': 0.99, 'e': 0.776001299783047}",25,0,-50.18526262237171,"{0: 17, 1: 2, 2: 6, 3: 0, 4: 0}",0
141,False,"{'a': 0.99, 'e': 0.7746155947814973}",20,0,-141.0109908623034,"{0: 14, 1: 0, 2: 2, 3: 1, 4: 3}",0
142,False,"{'a': 0.99, 'e': 0.7732298897799477}",20,5,-60.53387438133028,"{0: 10, 1: 1, 2: 3, 3: 0, 4: 1}",1
143,False,"{'a': 0.99, 'e': 0.771844184778398}",25,0,-136.3065927289396,"{0: 15, 1: 4, 2: 3, 3: 1, 4: 2}",0
144,False,"{'a': 0.99, 'e': 0.7704584797768483}",25,14,-1.4951303356410168,"{0: 9, 1: 1, 2: 1, 3: 0, 4: 0}",1
145,False,"{'a': 0.99, 'e': 0.7690727747752987}",20,0,-75.67150631805929,"{0: 14, 1: 1, 2: 3, 3: 1, 4: 1}",0
146,False,"{'a': 0.99, 'e': 0.767687069773749}",25,0,-85.33177497406177,"{0: 15, 1: 5, 2: 4, 3: 0, 4: 1}",0
147,False,"{'a': 0.99, 'e': 0.7663013647721993}",35,0,-287.51410991175004,"{0: 23, 1: 1, 2: 3, 3: 2, 4: 6}",0
148,False,"{'a': 0.99, 'e': 0.7649156597706497}",25,0,-100.43091055036383,"{0: 19, 1: 1, 2: 2, 3: 1, 4: 2}",0
149,False,"{'a': 0.99, 'e': 0.7635299547691}",30,0,-143.23825774324783,"{0: 22, 1: 0, 2: 5, 3: 0, 4: 3}",0
150,False,"{'a': 0.99, 'e': 0.7621442497675504}",30,0,-52.289673187845004,"{0: 21, 1: 2, 2: 7, 3: 0, 4: 0}",0
151,False,"{'a': 0.99, 'e': 0.7607585447660007}",25,0,-64.3048948791926,"{0: 17, 1: 3, 2: 3, 3: 2, 4: 0}",0
152,False,"{'a': 0.99, 'e': 0.759372839764451}",20,0,-189.9942360700318,"{0: 13, 1: 0, 2: 2, 3: 1, 4: 4}",0
153,False,"{'a': 0.99, 'e': 0.7579871347629014}",20,0,-128.65444326464893,"{0: 11, 1: 3, 2: 3, 3: 1, 4: 2}",0
154,False,"{'a': 0.99, 'e': 0.7566014297613517}",20,0,-42.735655360020424,"{0: 14, 1: 2, 2: 3, 3: 1, 4: 0}",0
155,False,"{'a': 0.99, 'e': 0.755215724759802}",20,10,-7.0238465127392224,"{0: 7, 1: 2, 2: 1, 3: 0, 4: 0}",1
156,False,"{'a': 0.99, 'e': 0.7538300197582524}",25,0,-158.09004763162574,"{0: 13, 1: 3, 2: 6, 3: 1, 4: 2}",0
157,False,"{'a': 0.99, 'e': 0.7524443147567027}",30,0,-125.5194907625933,"{0: 21, 1: 1, 2: 5, 3: 1, 4: 2}",0
158,False,"{'a': 0.99, 'e': 0.751058609755153}",25,0,-68.30528374526213,"{0: 19, 1: 2, 2: 1, 3: 2, 4: 1}",0
159,False,"{'a': 0.99, 'e': 0.7496729047536034}",25,0,-89.08154268593177,"{0: 16, 1: 4, 2: 3, 3: 1, 4: 1}",0
160,False,"{'a': 0.99, 'e': 0.7482871997520537}",20,8,-18.892133991002787,"{0: 8, 1: 2, 2: 2, 3: 0, 4: 0}",1
161,False,"{'a': 0.99, 'e': 0.746901494750504}",35,19,-47.04776165706157,"{0: 12, 1: 0, 2: 2, 3: 2, 4: 0}",1
162,False,"{'a': 0.99, 'e': 0.7455157897489544}",20,0,-85.83076739593653,"{0: 13, 1: 1, 2: 4, 3: 1, 4: 1}",0
163,False,"{'a': 0.99, 'e': 0.7441300847474047}",25,0,-146.57397068989408,"{0: 16, 1: 1, 2: 5, 3: 0, 4: 3}",0
164,False,"{'a': 0.99, 'e': 0.742744379745855}",35,3,-204.6999060838463,"{0: 20, 1: 1, 2: 7, 3: 0, 4: 4}",1
165,False,"{'a': 0.99, 'e': 0.7413586747443054}",20,0,-44.60009815790731,"{0: 14, 1: 0, 2: 6, 3: 0, 4: 0}",0
166,False,"{'a': 0.99, 'e': 0.7399729697427557}",20,0,-33.898032922840564,"{0: 14, 1: 2, 2: 4, 3: 0, 4: 0}",0
167,False,"{'a': 0.99, 'e': 0.7385872647412061}",30,0,-126.5772691988594,"{0: 21, 1: 1, 2: 5, 3: 1, 4: 2}",0
168,False,"{'a': 0.99, 'e': 0.7372015597396564}",25,12,-95.62032787544824,"{0: 8, 1: 2, 2: 0, 3: 1, 4: 2}",1
169,False,"{'a': 0.99, 'e': 0.7358158547381067}",25,0,-58.65386348006069,"{0: 21, 1: 0, 2: 1, 3: 2, 4: 1}",0
170,False,"{'a': 0.99, 'e': 0.7344301497365571}",20,0,-88.66824482085133,"{0: 13, 1: 1, 2: 4, 3: 1, 4: 1}",0
171,False,"{'a': 0.99, 'e': 0.7330444447350074}",20,0,-38.90997972425628,"{0: 17, 1: 0, 2: 2, 3: 0, 4: 1}",0
172,False,"{'a': 0.99, 'e': 0.7316587397334577}",30,0,-68.85835965867183,"{0: 23, 1: 1, 2: 5, 3: 0, 4: 1}",0
173,False,"{'a': 0.99, 'e': 0.7302730347319081}",20,12,-40.21461796270813,"{0: 6, 1: 0, 2: 1, 3: 0, 4: 1}",1
174,False,"{'a': 0.99, 'e': 0.7288873297303584}",20,0,-85.55629266062475,"{0: 14, 1: 0, 2: 4, 3: 1, 4: 1}",0
175,False,"{'a': 0.99, 'e': 0.7275016247288087}",20,0,-100.75218415400829,"{0: 12, 1: 1, 2: 5, 3: 1, 4: 1}",0
176,False,"{'a': 0.99, 'e': 0.7261159197272591}",25,0,-140.35707143892557,"{0: 13, 1: 3, 2: 6, 3: 2, 4: 1}",0
177,False,"{'a': 0.99, 'e': 0.7247302147257094}",25,0,-106.77536837276783,"{0: 16, 1: 3, 2: 3, 3: 2, 4: 1}",0
178,False,"{'a': 0.99, 'e': 0.7233445097241598}",20,0,-73.4835706022309,"{0: 12, 1: 4, 2: 3, 3: 0, 4: 1}",0
179,False,"{'a': 0.99, 'e': 0.7219588047226101}",25,0,-88.09987238122363,"{0: 17, 1: 3, 2: 3, 3: 1, 4: 1}",0
180,False,"{'a': 0.99, 'e': 0.7205730997210604}",20,0,-151.2119271642619,"{0: 11, 1: 2, 2: 4, 3: 0, 4: 3}",0
181,False,"{'a': 0.99, 'e': 0.7191873947195108}",25,0,-157.87234614442713,"{0: 16, 1: 3, 2: 2, 3: 1, 4: 3}",0
182,False,"{'a': 0.99, 'e': 0.7178016897179611}",20,12,-17.395769409274372,"{0: 5, 1: 1, 2: 2, 3: 0, 4: 0}",1
183,False,"{'a': 0.99, 'e': 0.7164159847164114}",20,9,-33.84583530471978,"{0: 8, 1: 0, 2: 1, 3: 2, 4: 0}",1
184,False,"{'a': 0.99, 'e': 0.7150302797148618}",20,13,-19.038349602915297,"{0: 5, 1: 1, 2: 0, 3: 1, 4: 0}",1
185,False,"{'a': 0.99, 'e': 0.7136445747133121}",20,0,-49.61038888706438,"{0: 16, 1: 0, 2: 3, 3: 0, 4: 1}",0
186,False,"{'a': 0.99, 'e': 0.7122588697117624}",20,10,-16.139866377109588,"{0: 7, 1: 1, 2: 2, 3: 0, 4: 0}",1
187,False,"{'a': 0.99, 'e': 0.7108731647102128}",20,3,-63.98570150898805,"{0: 10, 1: 1, 2: 5, 3: 1, 4: 0}",1
188,False,"{'a': 0.99, 'e': 0.7094874597086631}",20,0,-76.38874637652407,"{0: 12, 1: 1, 2: 6, 3: 1, 4: 0}",0
189,False,"{'a': 0.99, 'e': 0.7081017547071135}",20,0,-103.47939912688587,"{0: 15, 1: 0, 2: 2, 3: 1, 4: 2}",0
190,False,"{'a': 0.99, 'e': 0.7067160497055638}",20,0,-8.341447278819786,"{0: 17, 1: 1, 2: 1, 3: 1, 4: 0}",0
191,False,"{'a': 0.99, 'e': 0.7053303447040141}",25,0,-89.45857855541284,"{0: 17, 1: 3, 2: 2, 3: 2, 4: 1}",0
192,False,"{'a': 0.99, 'e': 0.7039446397024645}",20,0,-98.2997684852171,"{0: 14, 1: 1, 2: 3, 3: 0, 4: 2}",0
193,False,"{'a': 0.99, 'e': 0.7025589347009148}",25,0,-74.37367942440541,"{0: 17, 1: 1, 2: 5, 3: 2, 4: 0}",0
194,False,"{'a': 0.99, 'e': 0.7011732296993651}",20,0,-21.273042691978752,"{0: 16, 1: 2, 2: 1, 3: 1, 4: 0}",0
195,False,"{'a': 0.99, 'e': 0.6997875246978155}",25,0,-75.34267712878209,"{0: 17, 1: 2, 2: 5, 3: 0, 4: 1}",0
196,False,"{'a': 0.99, 'e': 0.6984018196962658}",35,1,-103.08926898121672,"{0: 25, 1: 1, 2: 5, 3: 2, 4: 1}",1
197,False,"{'a': 0.99, 'e': 0.6970161146947161}",20,0,-141.1699937795536,"{0: 10, 1: 1, 2: 7, 3: 0, 4: 2}",0
198,False,"{'a': 0.99, 'e': 0.6956304096931665}",30,0,-177.6982550325618,"{0: 20, 1: 1, 2: 5, 3: 1, 4: 3}",0
199,False,"{'a': 0.99, 'e': 0.6942447046916168}",20,0,-81.59487067593528,"{0: 12, 1: 2, 2: 5, 3: 0, 4: 1}",0
200,False,"{'a': 0.99, 'e': 0.6928589996900671}",20,12,-6.420896569940148,"{0: 6, 1: 1, 2: 1, 3: 0, 4: 0}",1
201,False,"{'a': 0.99, 'e': 0.6914732946885175}",25,0,-28.38708546100786,"{0: 19, 1: 2, 2: 4, 3: 0, 4: 0}",0
202,False,"{'a': 0.99, 'e': 0.6900875896869678}",20,0,-76.78427055283852,"{0: 13, 1: 1, 2: 3, 3: 3, 4: 0}",0
203,False,"{'a': 0.99, 'e': 0.6887018846854182}",25,0,-122.43304906824552,"{0: 16, 1: 4, 2: 2, 3: 1, 4: 2}",0
204,False,"{'a': 0.99, 'e': 0.6873161796838685}",20,0,-76.76172154410231,"{0: 13, 1: 3, 2: 2, 3: 1, 4: 1}",0
205,False,"{'a': 0.99, 'e': 0.6859304746823188}",20,11,4.204109346268179,"{0: 8, 1: 1, 2: 0, 3: 0, 4: 0}",1
206,False,"{'a': 0.99, 'e': 0.6845447696807692}",20,3,-74.31709023275177,"{0: 12, 1: 0, 2: 3, 3: 1, 4: 1}",1
207,False,"{'a': 0.99, 'e': 0.6831590646792195}",25,0,-94.3054096657668,"{0: 17, 1: 2, 2: 3, 3: 2, 4: 1}",1
208,False,"{'a': 0.99, 'e': 0.6817733596776698}",25,0,-139.98102737724147,"{0: 17, 1: 1, 2: 4, 3: 0, 4: 3}",0
209,False,"{'a': 0.99, 'e': 0.6803876546761202}",25,0,-1.1371762508055305,"{0: 22, 1: 0, 2: 3, 3: 0, 4: 0}",0
210,False,"{'a': 0.99, 'e': 0.6790019496745705}",20,0,-163.01189380106376,"{0: 10, 1: 1, 2: 5, 3: 2, 4: 2}",0
211,False,"{'a': 0.99, 'e': 0.6776162446730208}",20,2,-131.20265524240057,"{0: 12, 1: 0, 2: 3, 3: 0, 4: 3}",1
212,False,"{'a': 0.99, 'e': 0.6762305396714712}",30,2,-58.612068063498604,"{0: 22, 1: 0, 2: 5, 3: 0, 4: 1}",1
213,False,"{'a': 0.99, 'e': 0.6748448346699215}",25,0,-76.37068473598009,"{0: 17, 1: 0, 2: 6, 3: 2, 4: 0}",0
214,False,"{'a': 0.99, 'e': 0.6734591296683718}",30,13,-3.465742513935565,"{0: 14, 1: 1, 2: 2, 3: 0, 4: 0}",1
215,False,"{'a': 0.99, 'e': 0.6720734246668222}",30,13,-31.441357104978284,"{0: 13, 1: 0, 2: 3, 3: 1, 4: 0}",1
216,False,"{'a': 0.99, 'e': 0.6706877196652725}",20,0,-40.99062735515829,"{0: 13, 1: 2, 2: 5, 3: 0, 4: 0}",0
217,False,"{'a': 0.99, 'e': 0.6693020146637229}",20,0,-100.44998433517092,"{0: 17, 1: 0, 2: 0, 3: 0, 4: 3}",0
218,False,"{'a': 0.99, 'e': 0.6679163096621732}",35,0,-65.46391417444835,"{0: 25, 1: 3, 2: 6, 3: 1, 4: 0}",0
219,False,"{'a': 0.99, 'e': 0.6665306046606235}",25,0,-99.76908640006529,"{0: 16, 1: 2, 2: 5, 3: 1, 4: 1}",0
220,False,"{'a': 0.99, 'e': 0.6651448996590739}",20,0,-29.46941346599477,"{0: 13, 1: 4, 2: 3, 3: 0, 4: 0}",0
221,False,"{'a': 0.99, 'e': 0.6637591946575242}",25,0,-91.78440687214419,"{0: 18, 1: 1, 2: 3, 3: 2, 4: 1}",0
222,False,"{'a': 0.99, 'e': 0.6623734896559745}",20,0,-28.18104408342434,"{0: 15, 1: 0, 2: 5, 3: 0, 4: 0}",0
223,False,"{'a': 0.99, 'e': 0.6609877846544249}",25,0,-59.87436018656157,"{0: 19, 1: 2, 2: 3, 3: 0, 4: 1}",0
224,False,"{'a': 0.99, 'e': 0.6596020796528752}",20,0,-42.53343873806872,"{0: 15, 1: 0, 2: 4, 3: 1, 4: 0}",0
225,False,"{'a': 0.99, 'e': 0.6582163746513255}",20,0,-11.603938904219525,"{0: 16, 1: 1, 2: 3, 3: 0, 4: 0}",0
226,False,"{'a': 0.99, 'e': 0.6568306696497759}",25,0,-56.02266049395536,"{0: 17, 1: 2, 2: 5, 3: 1, 4: 0}",0
227,False,"{'a': 0.99, 'e': 0.6554449646482262}",25,0,-57.666388826043246,"{0: 18, 1: 3, 2: 2, 3: 2, 4: 0}",0
228,False,"{'a': 0.99, 'e': 0.6540592596466765}",25,0,-123.78539522021359,"{0: 17, 1: 0, 2: 5, 3: 1, 4: 2}",0
229,False,"{'a': 0.99, 'e': 0.6526735546451269}",30,12,-13.736151196660778,"{0: 15, 1: 1, 2: 1, 3: 1, 4: 0}",1
230,False,"{'a': 0.99, 'e': 0.6512878496435772}",20,3,-87.49131793181648,"{0: 10, 1: 2, 2: 3, 3: 1, 4: 1}",1
231,False,"{'a': 0.99, 'e': 0.6499021446420276}",25,11,-71.82863156073965,"{0: 9, 1: 1, 2: 2, 3: 1, 4: 1}",1
232,False,"{'a': 0.99, 'e': 0.6485164396404779}",25,0,-65.1256919629813,"{0: 19, 1: 1, 2: 3, 3: 1, 4: 1}",0
233,False,"{'a': 0.99, 'e': 0.6471307346389282}",20,0,-135.08952134384705,"{0: 14, 1: 1, 2: 1, 3: 1, 4: 3}",0
234,False,"{'a': 0.99, 'e': 0.6457450296373786}",20,0,-46.90926903868871,"{0: 16, 1: 0, 2: 3, 3: 0, 4: 1}",0
235,False,"{'a': 0.99, 'e': 0.6443593246358289}",25,0,-82.63331861620881,"{0: 17, 1: 1, 2: 4, 3: 3, 4: 0}",0
236,False,"{'a': 0.99, 'e': 0.6429736196342792}",20,0,-94.43434205549082,"{0: 13, 1: 1, 2: 3, 3: 2, 4: 1}",1
237,False,"{'a': 0.99, 'e': 0.6415879146327296}",20,0,4.613146851671104,"{0: 17, 1: 2, 2: 1, 3: 0, 4: 0}",0
238,False,"{'a': 0.99, 'e': 0.6402022096311799}",25,13,-4.766101033154983,"{0: 11, 1: 0, 2: 0, 3: 1, 4: 0}",1
239,False,"{'a': 0.99, 'e': 0.6388165046296302}",25,0,-53.476511288820646,"{0: 18, 1: 0, 2: 6, 3: 1, 4: 0}",0
240,False,"{'a': 0.99, 'e': 0.6374307996280806}",20,0,-63.50588562850629,"{0: 14, 1: 4, 2: 0, 3: 1, 4: 1}",0
241,False,"{'a': 0.99, 'e': 0.6360450946265309}",25,0,-60.95303155393158,"{0: 17, 1: 4, 2: 2, 3: 2, 4: 0}",0
242,False,"{'a': 0.99, 'e': 0.6346593896249813}",20,8,-9.915840592530955,"{0: 9, 1: 1, 2: 2, 3: 0, 4: 0}",1
243,False,"{'a': 0.99, 'e': 0.6332736846234316}",25,0,-45.26071534322012,"{0: 20, 1: 2, 2: 2, 3: 0, 4: 1}",0
244,False,"{'a': 0.99, 'e': 0.6318879796218819}",30,0,-107.89311641047126,"{0: 21, 1: 2, 2: 4, 3: 2, 4: 1}",0
245,False,"{'a': 0.99, 'e': 0.6305022746203323}",25,5,-36.58863518966459,"{0: 15, 1: 0, 2: 4, 3: 1, 4: 0}",1
246,False,"{'a': 0.99, 'e': 0.6291165696187826}",20,0,-130.31472425440487,"{0: 13, 1: 1, 2: 2, 3: 2, 4: 2}",0
247,False,"{'a': 0.99, 'e': 0.6277308646172329}",25,0,-29.325538207679106,"{0: 19, 1: 3, 2: 3, 3: 0, 4: 0}",0
248,False,"{'a': 0.99, 'e': 0.6263451596156833}",20,13,5.781006054669463,"{0: 6, 1: 1, 2: 0, 3: 0, 4: 0}",1
249,False,"{'a': 0.99, 'e': 0.6249594546141336}",25,0,-48.27763416823968,"{0: 18, 1: 1, 2: 5, 3: 1, 4: 0}",0
250,False,"{'a': 0.99, 'e': 0.6235737496125839}",30,9,-87.23149644795853,"{0: 15, 1: 2, 2: 2, 3: 0, 4: 2}",1
251,False,"{'a': 0.99, 'e': 0.6221880446110343}",20,0,-11.93513768409357,"{0: 17, 1: 0, 2: 2, 3: 1, 4: 0}",0
252,False,"{'a': 0.99, 'e': 0.6208023396094846}",20,0,-70.30475357738473,"{0: 14, 1: 2, 2: 2, 3: 1, 4: 1}",0
253,False,"{'a': 0.99, 'e': 0.619416634607935}",30,16,-88.73252490242366,"{0: 9, 1: 1, 2: 2, 3: 0, 4: 2}",1
254,False,"{'a': 0.99, 'e': 0.6180309296063853}",25,1,-94.47993143907776,"{0: 17, 1: 1, 2: 4, 3: 0, 4: 2}",1
255,False,"{'a': 0.99, 'e': 0.6166452246048356}",30,11,9.170131073133982,"{0: 16, 1: 2, 2: 1, 3: 0, 4: 0}",1
256,False,"{'a': 0.99, 'e': 0.615259519603286}",20,0,-25.492758063666308,"{0: 15, 1: 0, 2: 5, 3: 0, 4: 0}",0
257,False,"{'a': 0.99, 'e': 0.6138738146017363}",25,16,16.750663058292293,"{0: 9, 1: 0, 2: 0, 3: 0, 4: 0}",1
258,False,"{'a': 0.99, 'e': 0.6124881096001866}",25,14,-46.716045729688375,"{0: 8, 1: 0, 2: 2, 3: 0, 4: 1}",1
259,False,"{'a': 0.99, 'e': 0.611102404598637}",20,1,-54.99002952313116,"{0: 14, 1: 2, 2: 1, 3: 1, 4: 1}",1
260,False,"{'a': 0.99, 'e': 0.6097166995970873}",20,0,-74.59428409670294,"{0: 13, 1: 1, 2: 5, 3: 0, 4: 1}",0
261,False,"{'a': 0.99, 'e': 0.6083309945955376}",20,5,-44.59036440299115,"{0: 10, 1: 0, 2: 4, 3: 1, 4: 0}",1
262,False,"{'a': 0.99, 'e': 0.606945289593988}",25,0,-68.22398710258814,"{0: 22, 1: 0, 2: 1, 3: 0, 4: 2}",0
263,False,"{'a': 0.99, 'e': 0.6055595845924383}",25,0,-21.09663925012434,"{0: 19, 1: 2, 2: 4, 3: 0, 4: 0}",0
264,False,"{'a': 0.99, 'e': 0.6041738795908886}",30,0,-119.89688055769227,"{0: 21, 1: 1, 2: 6, 3: 0, 4: 2}",0
265,False,"{'a': 0.99, 'e': 0.602788174589339}",20,0,-49.042118313390084,"{0: 14, 1: 0, 2: 5, 3: 1, 4: 0}",0
266,False,"{'a': 0.99, 'e': 0.6014024695877893}",20,8,-6.184431018003254,"{0: 9, 1: 2, 2: 1, 3: 0, 4: 0}",1
267,False,"{'a': 0.99, 'e': 0.6000167645862396}",25,0,-44.958142097998234,"{0: 20, 1: 1, 2: 3, 3: 0, 4: 1}",0
268,False,"{'a': 0.99, 'e': 0.59863105958469}",30,13,-26.178762333803597,"{0: 13, 1: 0, 2: 3, 3: 1, 4: 0}",1
269,False,"{'a': 0.99, 'e': 0.5972453545831403}",30,0,-129.63870708809372,"{0: 19, 1: 5, 2: 3, 3: 1, 4: 2}",0
270,False,"{'a': 0.99, 'e': 0.5958596495815907}",30,4,-8.75050525719943,"{0: 23, 1: 0, 2: 2, 3: 1, 4: 0}",1
271,False,"{'a': 0.99, 'e': 0.594473944580041}",25,0,-89.89795448193101,"{0: 18, 1: 0, 2: 5, 3: 1, 4: 1}",0
272,False,"{'a': 0.99, 'e': 0.5930882395784913}",30,0,-88.43573156429693,"{0: 20, 1: 2, 2: 6, 3: 2, 4: 0}",0
273,False,"{'a': 0.99, 'e': 0.5917025345769417}",25,0,-78.31098150331238,"{0: 18, 1: 2, 2: 3, 3: 1, 4: 1}",0
274,False,"{'a': 0.99, 'e': 0.590316829575392}",25,0,-91.09590149177198,"{0: 19, 1: 1, 2: 3, 3: 0, 4: 2}",0
275,False,"{'a': 0.99, 'e': 0.5889311245738423}",25,0,-58.27517482813064,"{0: 18, 1: 1, 2: 4, 3: 2, 4: 0}",0
276,False,"{'a': 0.99, 'e': 0.5875454195722927}",20,15,2.70350446378881,"{0: 4, 1: 1, 2: 0, 3: 0, 4: 0}",1
277,False,"{'a': 0.99, 'e': 0.586159714570743}",20,0,-58.03572661892492,"{0: 16, 1: 1, 2: 1, 3: 1, 4: 1}",0
278,False,"{'a': 0.99, 'e': 0.5847740095691933}",25,0,4.355784610742984,"{0: 22, 1: 1, 2: 2, 3: 0, 4: 0}",0
279,False,"{'a': 0.99, 'e': 0.5833883045676437}",20,10,-8.900032262764537,"{0: 8, 1: 1, 2: 0, 3: 1, 4: 0}",1
280,False,"{'a': 0.99, 'e': 0.582002599566094}",20,0,1.2073206026431185,"{0: 18, 1: 1, 2: 0, 3: 1, 4: 0}",0
281,False,"{'a': 0.99, 'e': 0.5806168945645444}",20,2,-37.54188772575929,"{0: 14, 1: 2, 2: 1, 3: 0, 4: 1}",1
282,False,"{'a': 0.99, 'e': 0.5792311895629947}",20,0,-56.034613441419296,"{0: 16, 1: 0, 2: 2, 3: 1, 4: 1}",0
283,False,"{'a': 0.99, 'e': 0.577845484561445}",20,0,-39.73293375324197,"{0: 14, 1: 2, 2: 3, 3: 1, 4: 0}",0
284,False,"{'a': 0.99, 'e': 0.5764597795598954}",20,5,7.118840312453484,"{0: 13, 1: 1, 2: 1, 3: 0, 4: 0}",1
285,False,"{'a': 0.99, 'e': 0.5750740745583457}",25,0,-52.46014356895814,"{0: 17, 1: 4, 2: 3, 3: 1, 4: 0}",0
286,False,"{'a': 0.99, 'e': 0.573688369556796}",25,9,-0.9976879208836609,"{0: 14, 1: 1, 2: 0, 3: 1, 4: 0}",1
287,False,"{'a': 0.99, 'e': 0.5723026645552464}",30,0,-47.751478398898215,"{0: 26, 1: 1, 2: 1, 3: 1, 4: 1}",0
288,False,"{'a': 0.99, 'e': 0.5709169595536967}",25,5,-4.7621736093189995,"{0: 17, 1: 1, 2: 1, 3: 1, 4: 0}",1
289,False,"{'a': 0.99, 'e': 0.569531254552147}",20,0,-11.024899866428456,"{0: 16, 1: 1, 2: 3, 3: 0, 4: 0}",0
290,False,"{'a': 0.99, 'e': 0.5681455495505974}",20,0,4.387440416103998,"{0: 18, 1: 1, 2: 1, 3: 0, 4: 0}",0
291,False,"{'a': 0.99, 'e': 0.5667598445490477}",25,12,-40.02413480207775,"{0: 10, 1: 0, 2: 2, 3: 0, 4: 1}",1
292,False,"{'a': 0.99, 'e': 0.565374139547498}",25,0,-35.406843031939886,"{0: 19, 1: 1, 2: 4, 3: 1, 4: 0}",0
293,False,"{'a': 0.99, 'e': 0.5639884345459484}",25,15,6.129350451989891,"{0: 8, 1: 2, 2: 0, 3: 0, 4: 0}",1
294,False,"{'a': 0.99, 'e': 0.5626027295443987}",30,0,-88.25940683025807,"{0: 24, 1: 1, 2: 3, 3: 0, 4: 2}",0
295,False,"{'a': 0.99, 'e': 0.561217024542849}",25,0,4.889168411824782,"{0: 23, 1: 0, 2: 1, 3: 1, 4: 0}",0
296,False,"{'a': 0.99, 'e': 0.5598313195412994}",20,9,-26.405590923522503,"{0: 7, 1: 0, 2: 4, 3: 0, 4: 0}",1
297,False,"{'a': 0.99, 'e': 0.5584456145397497}",25,0,-58.00026752274748,"{0: 20, 1: 0, 2: 4, 3: 0, 4: 1}",0
298,False,"{'a': 0.99, 'e': 0.5570599095382001}",25,0,-27.422010183972446,"{0: 17, 1: 5, 2: 3, 3: 0, 4: 0}",0
299,False,"{'a': 0.99, 'e': 0.5556742045366504}",20,0,-35.81263144574924,"{0: 17, 1: 0, 2: 2, 3: 0, 4: 1}",0
300,False,"{'a': 0.99, 'e': 0.5542884995351007}",20,0,-26.636922256869447,"{0: 16, 1: 1, 2: 2, 3: 1, 4: 0}",0
301,False,"{'a': 0.99, 'e': 0.5529027945335511}",20,0,-0.015793542371871028,"{0: 18, 1: 0, 2: 2, 3: 0, 4: 0}",0
302,False,"{'a': 0.99, 'e': 0.5515170895320014}",20,1,-6.861827364918977,"{0: 16, 1: 1, 2: 2, 3: 0, 4: 0}",1
303,False,"{'a': 0.99, 'e': 0.5501313845304517}",25,0,-17.47661373563059,"{0: 19, 1: 3, 2: 3, 3: 0, 4: 0}",0
304,False,"{'a': 0.99, 'e': 0.5487456795289021}",30,4,-74.72077969732642,"{0: 18, 1: 1, 2: 6, 3: 0, 4: 1}",1
305,False,"{'a': 0.99, 'e': 0.5473599745273524}",20,0,-79.24039221947423,"{0: 12, 1: 1, 2: 5, 3: 2, 4: 0}",0
306,False,"{'a': 0.99, 'e': 0.5459742695258027}",20,0,5.828571771293593,"{0: 18, 1: 0, 2: 2, 3: 0, 4: 0}",0
307,False,"{'a': 0.99, 'e': 0.5445885645242531}",35,0,-37.354704168217324,"{0: 28, 1: 3, 2: 3, 3: 1, 4: 0}",0
308,False,"{'a': 0.99, 'e': 0.5432028595227034}",20,0,21.919197705939204,"{0: 19, 1: 1, 2: 0, 3: 0, 4: 0}",1
309,False,"{'a': 0.99, 'e': 0.5418171545211538}",20,0,-62.44066988584026,"{0: 15, 1: 1, 2: 2, 3: 1, 4: 1}",0
310,False,"{'a': 0.99, 'e': 0.5404314495196041}",25,5,-37.412592263953,"{0: 14, 1: 2, 2: 3, 3: 1, 4: 0}",1
311,False,"{'a': 0.99, 'e': 0.5390457445180544}",20,0,-89.02073929150136,"{0: 15, 1: 0, 2: 3, 3: 0, 4: 2}",0
312,False,"{'a': 0.99, 'e': 0.5376600395165048}",20,11,3.647960916163247,"{0: 8, 1: 0, 2: 1, 3: 0, 4: 0}",1
313,False,"{'a': 0.99, 'e': 0.5362743345149551}",20,2,25.892186914356934,"{0: 18, 1: 0, 2: 0, 3: 0, 4: 0}",1
314,False,"{'a': 0.99, 'e': 0.5348886295134054}",25,0,-8.770250985718105,"{0: 21, 1: 0, 2: 4, 3: 0, 4: 0}",0
315,False,"{'a': 0.99, 'e': 0.5335029245118558}",25,0,-166.57029063549484,"{0: 15, 1: 2, 2: 5, 3: 0, 4: 3}",0
316,False,"{'a': 0.99, 'e': 0.5321172195103061}",20,0,4.66543147863191,"{0: 17, 1: 2, 2: 1, 3: 0, 4: 0}",0
317,False,"{'a': 0.99, 'e': 0.5307315145087564}",25,5,-65.7190803806755,"{0: 13, 1: 2, 2: 4, 3: 0, 4: 1}",1
318,False,"{'a': 0.99, 'e': 0.5293458095072068}",20,13,1.2878990900052634,"{0: 6, 1: 0, 2: 1, 3: 0, 4: 0}",1
319,False,"{'a': 0.99, 'e': 0.5279601045056571}",20,0,-20.978937289817114,"{0: 16, 1: 0, 2: 4, 3: 0, 4: 0}",0
320,False,"{'a': 0.99, 'e': 0.5265743995041074}",20,0,-129.98433133326535,"{0: 12, 1: 0, 2: 5, 3: 1, 4: 2}",0
321,False,"{'a': 0.99, 'e': 0.5251886945025578}",35,0,-17.978101198609867,"{0: 29, 1: 1, 2: 5, 3: 0, 4: 0}",0
322,False,"{'a': 0.99, 'e': 0.5238029895010081}",25,20,10.794162076154505,"{0: 5, 1: 0, 2: 0, 3: 0, 4: 0}",1
323,False,"{'a': 0.99, 'e': 0.5224172844994585}",25,4,-107.80456728221053,"{0: 13, 1: 2, 2: 4, 3: 0, 4: 2}",1
324,False,"{'a': 0.99, 'e': 0.5210315794979088}",30,3,-54.80061963710778,"{0: 19, 1: 3, 2: 4, 3: 1, 4: 0}",1
325,False,"{'a': 0.99, 'e': 0.5196458744963591}",35,0,-63.59942111221945,"{0: 25, 1: 3, 2: 6, 3: 1, 4: 0}",0
326,False,"{'a': 0.99, 'e': 0.5182601694948095}",30,13,16.521834473025773,"{0: 16, 1: 0, 2: 1, 3: 0, 4: 0}",1
327,False,"{'a': 0.99, 'e': 0.5168744644932598}",20,0,-57.12707761757057,"{0: 16, 1: 0, 2: 2, 3: 1, 4: 1}",0
328,False,"{'a': 0.99, 'e': 0.5154887594917101}",20,0,-19.84459397156494,"{0: 18, 1: 1, 2: 0, 3: 0, 4: 1}",0
329,False,"{'a': 0.99, 'e': 0.5141030544901605}",25,0,-44.87709542598352,"{0: 18, 1: 1, 2: 5, 3: 1, 4: 0}",0
330,False,"{'a': 0.99, 'e': 0.5127173494886108}",25,0,-9.590615882465666,"{0: 23, 1: 0, 2: 1, 3: 1, 4: 0}",0
331,False,"{'a': 0.99, 'e': 0.5113316444870611}",20,8,-56.88920809238486,"{0: 8, 1: 0, 2: 3, 3: 0, 4: 1}",1
332,False,"{'a': 0.99, 'e': 0.5099459394855115}",25,0,-14.523401247359669,"{0: 19, 1: 3, 2: 3, 3: 0, 4: 0}",0
333,False,"{'a': 0.99, 'e': 0.5085602344839618}",20,7,12.099883932928854,"{0: 12, 1: 1, 2: 0, 3: 0, 4: 0}",1
334,False,"{'a': 0.99, 'e': 0.5071745294824122}",30,11,-13.782449466448648,"{0: 15, 1: 1, 2: 3, 3: 0, 4: 0}",1
335,False,"{'a': 0.99, 'e': 0.5057888244808625}",20,0,-90.0948378493224,"{0: 15, 1: 0, 2: 3, 3: 0, 4: 2}",0
336,False,"{'a': 0.99, 'e': 0.5044031194793128}",25,0,-60.2695883820067,"{0: 18, 1: 3, 2: 3, 3: 0, 4: 1}",0
337,False,"{'a': 0.99, 'e': 0.5030174144777632}",20,4,-2.327981190903386,"{0: 14, 1: 0, 2: 2, 3: 0, 4: 0}",1
338,False,"{'a': 0.99, 'e': 0.5016317094762135}",25,0,-5.684974740537046,"{0: 21, 1: 2, 2: 2, 3: 0, 4: 0}",0
339,False,"{'a': 0.99, 'e': 0.5002460044746638}",20,10,-16.4188233590053,"{0: 7, 1: 0, 2: 3, 3: 0, 4: 0}",1
340,False,"{'a': 0.99, 'e': 0.49886029947311417}",25,12,-16.118563330332524,"{0: 10, 1: 1, 2: 1, 3: 1, 4: 0}",1
341,False,"{'a': 0.99, 'e': 0.4974745944715645}",30,20,7.510884532782797,"{0: 9, 1: 1, 2: 0, 3: 0, 4: 0}",1
342,False,"{'a': 0.99, 'e': 0.49608888947001484}",20,0,-2.121938782533646,"{0: 17, 1: 1, 2: 2, 3: 0, 4: 0}",0
343,False,"{'a': 0.99, 'e': 0.4947031844684652}",25,0,-54.99595170856365,"{0: 20, 1: 1, 2: 2, 3: 1, 4: 1}",0
344,False,"{'a': 0.99, 'e': 0.4933174794669155}",25,7,-31.583258660918485,"{0: 14, 1: 0, 2: 3, 3: 1, 4: 0}",1
345,False,"{'a': 0.99, 'e': 0.49193177446536585}",20,0,-62.54094826069888,"{0: 13, 1: 4, 2: 2, 3: 0, 4: 1}",0
346,False,"{'a': 0.99, 'e': 0.4905460694638162}",20,0,-121.93041634357843,"{0: 13, 1: 1, 2: 3, 3: 1, 4: 2}",0
347,False,"{'a': 0.99, 'e': 0.4891603644622665}",25,0,-38.06221032517703,"{0: 22, 1: 0, 2: 2, 3: 0, 4: 1}",0
348,False,"{'a': 0.99, 'e': 0.48777465946071685}",25,0,-96.67382991331553,"{0: 18, 1: 1, 2: 4, 3: 0, 4: 2}",0
349,False,"{'a': 0.99, 'e': 0.4863889544591672}",20,14,10.039127790562148,"{0: 6, 1: 0, 2: 0, 3: 0, 4: 0}",1
350,False,"{'a': 0.99, 'e': 0.4850032494576175}",20,5,17.851495539865738,"{0: 14, 1: 1, 2: 0, 3: 0, 4: 0}",1
351,False,"{'a': 0.99, 'e': 0.48361754445606786}",25,0,-6.750724115408632,"{0: 21, 1: 1, 2: 3, 3: 0, 4: 0}",0
352,False,"{'a': 0.99, 'e': 0.4822318394545182}",20,0,-101.21449453436173,"{0: 16, 1: 0, 2: 0, 3: 2, 4: 2}",0
353,False,"{'a': 0.99, 'e': 0.48084613445296853}",25,0,-47.53188911559307,"{0: 20, 1: 1, 2: 3, 3: 0, 4: 1}",0
354,False,"{'a': 0.99, 'e': 0.47946042945141887}",30,0,-80.23239076063524,"{0: 24, 1: 1, 2: 3, 3: 0, 4: 2}",0
355,False,"{'a': 0.99, 'e': 0.4780747244498692}",20,0,-84.94775409136646,"{0: 13, 1: 1, 2: 4, 3: 1, 4: 1}",0
356,False,"{'a': 0.99, 'e': 0.47668901944831954}",20,11,7.374447448973348,"{0: 8, 1: 0, 2: 1, 3: 0, 4: 0}",1
357,False,"{'a': 0.99, 'e': 0.4753033144467699}",25,4,8.036624624363075,"{0: 18, 1: 1, 2: 2, 3: 0, 4: 0}",1
358,False,"{'a': 0.99, 'e': 0.4739176094452202}",20,0,-8.456452128097922,"{0: 17, 1: 1, 2: 2, 3: 0, 4: 0}",0
359,False,"{'a': 0.99, 'e': 0.47253190444367055}",30,11,-59.21140929936713,"{0: 13, 1: 2, 2: 3, 3: 0, 4: 1}",1
360,False,"{'a': 0.99, 'e': 0.4711461994421209}",20,10,-43.42720167210719,"{0: 8, 1: 0, 2: 0, 3: 1, 4: 1}",1
361,False,"{'a': 0.99, 'e': 0.4697604944405712}",30,0,-40.36802155585842,"{0: 24, 1: 0, 2: 4, 3: 2, 4: 0}",0
362,False,"{'a': 0.99, 'e': 0.46837478943902155}",25,0,-131.53170328271887,"{0: 16, 1: 1, 2: 5, 3: 1, 4: 2}",0
363,False,"{'a': 0.99, 'e': 0.4669890844374719}",30,10,-16.475727151046467,"{0: 18, 1: 0, 2: 1, 3: 0, 4: 1}",1
364,False,"{'a': 0.99, 'e': 0.4656033794359222}",25,0,10.927845908913973,"{0: 23, 1: 0, 2: 2, 3: 0, 4: 0}",0
365,False,"{'a': 0.99, 'e': 0.46421767443437256}",20,0,18.868290677473627,"{0: 19, 1: 0, 2: 1, 3: 0, 4: 0}",0
366,False,"{'a': 0.99, 'e': 0.4628319694328229}",25,9,4.094404886441429,"{0: 15, 1: 0, 2: 0, 3: 1, 4: 0}",1
367,False,"{'a': 0.99, 'e': 0.46144626443127323}",25,10,-4.875029061666909,"{0: 12, 1: 1, 2: 2, 3: 0, 4: 0}",1
368,False,"{'a': 0.99, 'e': 0.46006055942972357}",25,0,-72.14523667291812,"{0: 21, 1: 0, 2: 2, 3: 0, 4: 2}",0
369,False,"{'a': 0.99, 'e': 0.4586748544281739}",30,0,-25.426520630851385,"{0: 27, 1: 0, 2: 2, 3: 0, 4: 1}",0
370,False,"{'a': 0.99, 'e': 0.45728914942662424}",20,0,-14.828546212486367,"{0: 17, 1: 1, 2: 1, 3: 1, 4: 0}",0
371,False,"{'a': 0.99, 'e': 0.4559034444250746}",20,0,9.203215928319407,"{0: 18, 1: 1, 2: 1, 3: 0, 4: 0}",0
372,False,"{'a': 0.99, 'e': 0.4545177394235249}",25,17,6.711376809242392,"{0: 7, 1: 0, 2: 1, 3: 0, 4: 0}",1
373,False,"{'a': 0.99, 'e': 0.45313203442197525}",20,0,-125.08463515980434,"{0: 13, 1: 2, 2: 1, 3: 2, 4: 2}",0
374,False,"{'a': 0.99, 'e': 0.4517463294204256}",30,0,-51.623847882994205,"{0: 25, 1: 1, 2: 2, 3: 1, 4: 1}",0
375,False,"{'a': 0.99, 'e': 0.4503606244188759}",30,1,-155.281812982376,"{0: 21, 1: 2, 2: 2, 3: 0, 4: 4}",1
376,False,"{'a': 0.99, 'e': 0.44897491941732626}",20,6,-32.711519635411115,"{0: 10, 1: 0, 2: 3, 3: 1, 4: 0}",1
377,False,"{'a': 0.99, 'e': 0.4475892144157766}",35,0,-52.99679887666501,"{0: 28, 1: 3, 2: 2, 3: 1, 4: 1}",0
378,False,"{'a': 0.99, 'e': 0.44620350941422693}",30,0,25.75685845545219,"{0: 28, 1: 2, 2: 0, 3: 0, 4: 0}",0
379,False,"{'a': 0.99, 'e': 0.44481780441267726}",20,7,10.048756572214975,"{0: 12, 1: 0, 2: 1, 3: 0, 4: 0}",1
380,False,"{'a': 0.99, 'e': 0.4434320994111276}",25,11,-4.718950984798523,"{0: 11, 1: 2, 2: 1, 3: 0, 4: 0}",1
381,False,"{'a': 0.99, 'e': 0.44204639440957794}",20,0,17.108879803235247,"{0: 19, 1: 1, 2: 0, 3: 0, 4: 0}",0
382,False,"{'a': 0.99, 'e': 0.44066068940802827}",20,0,-17.071561275353492,"{0: 15, 1: 2, 2: 3, 3: 0, 4: 0}",0
383,False,"{'a': 0.99, 'e': 0.4392749844064786}",20,11,11.106839268776417,"{0: 9, 1: 0, 2: 0, 3: 0, 4: 0}",1
384,False,"{'a': 0.99, 'e': 0.43788927940492894}",20,0,-90.79073218681751,"{0: 16, 1: 0, 2: 1, 3: 1, 4: 2}",0
385,False,"{'a': 0.99, 'e': 0.4365035744033793}",20,13,4.994890217740473,"{0: 6, 1: 1, 2: 0, 3: 0, 4: 0}",1
386,False,"{'a': 0.99, 'e': 0.4351178694018296}",20,5,24.288399894251345,"{0: 15, 1: 0, 2: 0, 3: 0, 4: 0}",1
387,False,"{'a': 0.99, 'e': 0.43373216440027995}",25,0,-7.599659729763291,"{0: 22, 1: 0, 2: 2, 3: 1, 4: 0}",0
388,False,"{'a': 0.99, 'e': 0.4323464593987303}",30,0,-70.2857955710917,"{0: 23, 1: 2, 2: 3, 3: 1, 4: 1}",0
389,False,"{'a': 0.99, 'e': 0.4309607543971806}",20,0,-51.64491033314503,"{0: 15, 1: 1, 2: 3, 3: 0, 4: 1}",0
390,False,"{'a': 0.99, 'e': 0.42957504939563096}",25,6,-41.67576229396279,"{0: 14, 1: 0, 2: 4, 3: 1, 4: 0}",1
391,False,"{'a': 0.99, 'e': 0.4281893443940813}",25,11,16.952882518991377,"{0: 14, 1: 0, 2: 0, 3: 0, 4: 0}",1
392,False,"{'a': 0.99, 'e': 0.42680363939253163}",25,0,-49.439644104977205,"{0: 21, 1: 0, 2: 2, 3: 1, 4: 1}",0
393,False,"{'a': 0.99, 'e': 0.42541793439098197}",20,0,-6.198861418201366,"{0: 16, 1: 2, 2: 2, 3: 0, 4: 0}",0
394,False,"{'a': 0.99, 'e': 0.4240322293894323}",20,0,-25.916287099955383,"{0: 15, 1: 2, 2: 2, 3: 1, 4: 0}",0
395,False,"{'a': 0.99, 'e': 0.42264652438788264}",25,13,-47.38281742520088,"{0: 8, 1: 1, 2: 2, 3: 0, 4: 1}",1
396,False,"{'a': 0.99, 'e': 0.421260819386333}",20,7,-25.96283490367881,"{0: 11, 1: 0, 2: 1, 3: 0, 4: 1}",1
397,False,"{'a': 0.99, 'e': 0.4198751143847833}",25,5,-106.47085515794875,"{0: 14, 1: 0, 2: 3, 3: 1, 4: 2}",1
398,False,"{'a': 0.99, 'e': 0.41848940938323365}",20,0,-0.7084926876710609,"{0: 17, 1: 1, 2: 2, 3: 0, 4: 0}",1
399,False,"{'a': 0.99, 'e': 0.417103704381684}",30,9,17.09332882200001,"{0: 19, 1: 1, 2: 1, 3: 0, 4: 0}",1
400,False,"{'a': 0.99, 'e': 0.4157179993801343}",20,0,-23.19525787391435,"{0: 15, 1: 4, 2: 0, 3: 1, 4: 0}",0
401,False,"{'a': 0.99, 'e': 0.41433229437858465}",30,0,-55.4325719338466,"{0: 24, 1: 2, 2: 2, 3: 1, 4: 1}",0
402,False,"{'a': 0.99, 'e': 0.412946589377035}",25,0,-60.75528908591933,"{0: 19, 1: 1, 2: 4, 3: 0, 4: 1}",0
403,False,"{'a': 0.99, 'e': 0.4115608843754853}",25,0,-58.96330308931672,"{0: 19, 1: 1, 2: 4, 3: 0, 4: 1}",0
404,False,"{'a': 0.99, 'e': 0.41017517937393566}",25,0,22.08869741500922,"{0: 24, 1: 1, 2: 0, 3: 0, 4: 0}",1
405,False,"{'a': 0.99, 'e': 0.408789474372386}",20,0,4.334424362330866,"{0: 17, 1: 2, 2: 1, 3: 0, 4: 0}",0
406,False,"{'a': 0.99, 'e': 0.40740376937083633}",25,0,24.3162054165058,"{0: 24, 1: 0, 2: 1, 3: 0, 4: 0}",0
407,False,"{'a': 0.99, 'e': 0.40601806436928667}",25,0,-94.56908497433304,"{0: 16, 1: 3, 2: 4, 3: 1, 4: 1}",0
408,False,"{'a': 0.99, 'e': 0.404632359367737}",30,0,-57.61126777145547,"{0: 24, 1: 1, 2: 4, 3: 0, 4: 1}",0
409,False,"{'a': 0.99, 'e': 0.40324665436618734}",25,10,-24.65165064897653,"{0: 11, 1: 2, 2: 1, 3: 1, 4: 0}",1
410,False,"{'a': 0.99, 'e': 0.4018609493646377}",20,13,-30.621250096416237,"{0: 6, 1: 0, 2: 0, 3: 0, 4: 1}",1
411,False,"{'a': 0.99, 'e': 0.400475244363088}",35,0,-93.99630713032987,"{0: 28, 1: 2, 2: 2, 3: 1, 4: 2}",0
412,False,"{'a': 0.99, 'e': 0.39908953936153835}",20,0,-96.61870904248494,"{0: 16, 1: 0, 2: 0, 3: 2, 4: 2}",0
413,False,"{'a': 0.99, 'e': 0.3977038343599887}",30,20,-5.417371533944147,"{0: 9, 1: 0, 2: 0, 3: 1, 4: 0}",1
414,False,"{'a': 0.99, 'e': 0.396318129358439}",30,10,-45.61472916529575,"{0: 16, 1: 0, 2: 3, 3: 0, 4: 1}",1
415,False,"{'a': 0.99, 'e': 0.39493242435688936}",20,13,-8.25975350882566,"{0: 6, 1: 0, 2: 0, 3: 1, 4: 0}",1
416,False,"{'a': 0.99, 'e': 0.3935467193553397}",20,4,17.838570725898514,"{0: 15, 1: 0, 2: 1, 3: 0, 4: 0}",1
417,False,"{'a': 0.99, 'e': 0.39216101435379}",30,0,6.091316927660762,"{0: 28, 1: 0, 2: 1, 3: 1, 4: 0}",0
418,False,"{'a': 0.99, 'e': 0.39077530935224036}",25,9,-3.8807372233420057,"{0: 14, 1: 0, 2: 1, 3: 1, 4: 0}",1
419,False,"{'a': 0.99, 'e': 0.3893896043506907}",25,16,15.814481335420352,"{0: 9, 1: 0, 2: 0, 3: 0, 4: 0}",1
420,False,"{'a': 0.99, 'e': 0.38800389934914103}",20,11,15.096485222090077,"{0: 9, 1: 0, 2: 0, 3: 0, 4: 0}",1
421,False,"{'a': 0.99, 'e': 0.38661819434759137}",30,14,-51.53776855063655,"{0: 11, 1: 2, 2: 2, 3: 0, 4: 1}",1
422,False,"{'a': 0.99, 'e': 0.3852324893460417}",25,4,4.813252914654435,"{0: 18, 1: 1, 2: 2, 3: 0, 4: 0}",1
423,False,"{'a': 0.99, 'e': 0.38384678434449204}",25,2,-21.678355482346344,"{0: 18, 1: 0, 2: 5, 3: 0, 4: 0}",1
424,False,"{'a': 0.99, 'e': 0.3824610793429424}",30,0,-20.616552113779484,"{0: 24, 1: 2, 2: 3, 3: 1, 4: 0}",0
425,False,"{'a': 0.99, 'e': 0.3810753743413927}",25,3,-139.01539793438772,"{0: 17, 1: 1, 2: 0, 3: 0, 4: 4}",1
426,False,"{'a': 0.99, 'e': 0.37968966933984305}",20,0,15.294192795840134,"{0: 19, 1: 0, 2: 1, 3: 0, 4: 0}",0
427,False,"{'a': 0.99, 'e': 0.3783039643382934}",20,10,-56.79730113826832,"{0: 7, 1: 0, 2: 1, 3: 1, 4: 1}",1
428,False,"{'a': 0.99, 'e': 0.3769182593367437}",25,19,7.882207628241516,"{0: 6, 1: 0, 2: 0, 3: 0, 4: 0}",1
429,False,"{'a': 0.99, 'e': 0.37553255433519406}",30,3,-75.58914513113079,"{0: 22, 1: 0, 2: 3, 3: 0, 4: 2}",1
430,False,"{'a': 0.99, 'e': 0.3741468493336444}",35,6,-1.7982583514926667,"{0: 26, 1: 0, 2: 2, 3: 1, 4: 0}",1
431,False,"{'a': 0.99, 'e': 0.37276114433209473}",20,14,13.076466513000218,"{0: 6, 1: 0, 2: 0, 3: 0, 4: 0}",1
432,False,"{'a': 0.99, 'e': 0.37137543933054507}",20,0,-52.364587295378705,"{0: 16, 1: 0, 2: 3, 3: 0, 4: 1}",0
433,False,"{'a': 0.99, 'e': 0.3699897343289954}",25,14,9.64889851107785,"{0: 10, 1: 1, 2: 0, 3: 0, 4: 0}",1
434,False,"{'a': 0.99, 'e': 0.36860402932744574}",20,0,-22.84756662976628,"{0: 18, 1: 1, 2: 0, 3: 0, 4: 1}",0
435,False,"{'a': 0.99, 'e': 0.3672183243258961}",25,11,5.357835283073776,"{0: 13, 1: 0, 2: 1, 3: 0, 4: 0}",1
436,False,"{'a': 0.99, 'e': 0.3658326193243464}",25,0,33.16412457164279,"{0: 25, 1: 0, 2: 0, 3: 0, 4: 0}",1
437,False,"{'a': 0.99, 'e': 0.36444691432279674}",35,23,-44.13561796160054,"{0: 9, 1: 0, 2: 2, 3: 0, 4: 1}",1
438,False,"{'a': 0.99, 'e': 0.3630612093212471}",20,0,-62.219232855643966,"{0: 16, 1: 0, 2: 2, 3: 1, 4: 1}",0
439,False,"{'a': 0.99, 'e': 0.3616755043196974}",20,0,-27.576804740456247,"{0: 17, 1: 1, 2: 1, 3: 0, 4: 1}",0
440,False,"{'a': 0.99, 'e': 0.36028979931814775}",20,0,-3.420355502410333,"{0: 17, 1: 2, 2: 1, 3: 0, 4: 0}",0
441,False,"{'a': 0.99, 'e': 0.3589040943165981}",30,0,-109.42891253919124,"{0: 24, 1: 1, 2: 2, 3: 0, 4: 3}",0
442,False,"{'a': 0.99, 'e': 0.3575183893150484}",25,0,-5.5271711325990935,"{0: 21, 1: 1, 2: 3, 3: 0, 4: 0}",0
443,False,"{'a': 0.99, 'e': 0.35613268431349876}",20,6,-14.769680691366403,"{0: 10, 1: 3, 2: 1, 3: 0, 4: 0}",1
444,False,"{'a': 0.99, 'e': 0.3547469793119491}",30,4,23.147620093543228,"{0: 25, 1: 0, 2: 0, 3: 1, 4: 0}",1
445,False,"{'a': 0.99, 'e': 0.35336127431039943}",25,11,16.311596916510524,"{0: 14, 1: 0, 2: 0, 3: 0, 4: 0}",1
446,False,"{'a': 0.99, 'e': 0.35197556930884977}",20,10,2.8578061525502023,"{0: 9, 1: 0, 2: 1, 3: 0, 4: 0}",1
447,False,"{'a': 0.99, 'e': 0.3505898643073001}",35,0,-48.76709692838335,"{0: 32, 1: 0, 2: 0, 3: 1, 4: 2}",0
448,False,"{'a': 0.99, 'e': 0.34920415930575044}",30,12,-7.452637589916352,"{0: 17, 1: 0, 2: 0, 3: 0, 4: 1}",1
449,False,"{'a': 0.99, 'e': 0.3478184543042008}",30,12,-66.36849978855547,"{0: 15, 1: 0, 2: 1, 3: 0, 4: 2}",1
450,False,"{'a': 0.99, 'e': 0.3464327493026511}",20,0,-7.750406012165937,"{0: 17, 1: 1, 2: 1, 3: 1, 4: 0}",0
451,False,"{'a': 0.99, 'e': 0.34504704430110145}",20,13,12.487548199405552,"{0: 7, 1: 0, 2: 0, 3: 0, 4: 0}",1
452,False,"{'a': 0.99, 'e': 0.3436613392995518}",20,0,-16.77138745596208,"{0: 17, 1: 0, 2: 2, 3: 1, 4: 0}",0
453,False,"{'a': 0.99, 'e': 0.3422756342980021}",20,0,-9.766318768395891,"{0: 19, 1: 0, 2: 0, 3: 0, 4: 1}",0
454,False,"{'a': 0.99, 'e': 0.34088992929645245}",20,0,-69.16930905910586,"{0: 15, 1: 2, 2: 0, 3: 2, 4: 1}",1
455,False,"{'a': 0.99, 'e': 0.3395042242949028}",20,0,-37.70455905256116,"{0: 17, 1: 0, 2: 2, 3: 0, 4: 1}",0
456,False,"{'a': 0.99, 'e': 0.3381185192933531}",30,20,17.166442877921032,"{0: 10, 1: 0, 2: 0, 3: 0, 4: 0}",1
457,False,"{'a': 0.99, 'e': 0.33673281429180346}",25,11,8.871589716070032,"{0: 13, 1: 0, 2: 1, 3: 0, 4: 0}",1
458,False,"{'a': 0.99, 'e': 0.3353471092902538}",25,13,-32.546672389081735,"{0: 10, 1: 0, 2: 1, 3: 0, 4: 1}",1
459,False,"{'a': 0.99, 'e': 0.33396140428870413}",20,0,-0.9490245099591279,"{0: 17, 1: 1, 2: 2, 3: 0, 4: 0}",0
460,False,"{'a': 0.99, 'e': 0.33257569928715447}",25,0,-11.81976747120898,"{0: 23, 1: 0, 2: 0, 3: 2, 4: 0}",0
461,False,"{'a': 0.99, 'e': 0.3311899942856048}",20,0,-41.90866927042279,"{0: 17, 1: 1, 2: 0, 3: 1, 4: 1}",0
462,False,"{'a': 0.99, 'e': 0.32980428928405514}",20,3,-0.6668543020966067,"{0: 14, 1: 2, 2: 1, 3: 0, 4: 0}",1
463,False,"{'a': 0.99, 'e': 0.3284185842825055}",25,16,4.346979406178312,"{0: 8, 1: 0, 2: 1, 3: 0, 4: 0}",1
464,False,"{'a': 0.99, 'e': 0.3270328792809558}",20,0,-36.521149625237705,"{0: 17, 1: 0, 2: 2, 3: 0, 4: 1}",0
465,False,"{'a': 0.99, 'e': 0.32564717427940615}",25,18,13.690110984055426,"{0: 7, 1: 0, 2: 0, 3: 0, 4: 0}",1
466,False,"{'a': 0.99, 'e': 0.3242614692778565}",25,0,4.873723433535602,"{0: 22, 1: 1, 2: 2, 3: 0, 4: 0}",0
467,False,"{'a': 0.99, 'e': 0.3228757642763068}",25,13,23.227107150791728,"{0: 12, 1: 0, 2: 0, 3: 0, 4: 0}",1
468,False,"{'a': 0.99, 'e': 0.32149005927475716}",30,14,-35.05812230417684,"{0: 13, 1: 0, 2: 2, 3: 0, 4: 1}",1
469,False,"{'a': 0.99, 'e': 0.3201043542732075}",20,12,1.5490288511509744,"{0: 7, 1: 0, 2: 1, 3: 0, 4: 0}",1
470,False,"{'a': 0.99, 'e': 0.31871864927165783}",25,0,8.835519696260384,"{0: 23, 1: 0, 2: 2, 3: 0, 4: 0}",0
471,False,"{'a': 0.99, 'e': 0.31733294427010816}",20,3,0.5318862240025028,"{0: 15, 1: 1, 2: 0, 3: 1, 4: 0}",1
472,False,"{'a': 0.99, 'e': 0.3159472392685585}",25,5,-51.24324485913717,"{0: 15, 1: 1, 2: 3, 3: 0, 4: 1}",1
473,False,"{'a': 0.99, 'e': 0.31456153426700884}",30,1,-87.6014402285131,"{0: 23, 1: 1, 2: 2, 3: 1, 4: 2}",1
474,False,"{'a': 0.99, 'e': 0.31317582926545917}",25,15,13.71767655626844,"{0: 9, 1: 1, 2: 0, 3: 0, 4: 0}",1
475,False,"{'a': 0.99, 'e': 0.3117901242639095}",20,10,-2.714656525411181,"{0: 8, 1: 1, 2: 1, 3: 0, 4: 0}",1
476,False,"{'a': 0.99, 'e': 0.31040441926235984}",25,0,-132.6958729854236,"{0: 18, 1: 1, 2: 3, 3: 0, 4: 3}",0
477,False,"{'a': 0.99, 'e': 0.3090187142608102}",20,8,0.04481404333188754,"{0: 11, 1: 0, 2: 0, 3: 1, 4: 0}",1
478,False,"{'a': 0.99, 'e': 0.3076330092592605}",20,0,-17.867869717458312,"{0: 17, 1: 0, 2: 2, 3: 1, 4: 0}",0
479,False,"{'a': 0.99, 'e': 0.30624730425771085}",20,0,-44.574151359070335,"{0: 17, 1: 0, 2: 1, 3: 1, 4: 1}",0
480,False,"{'a': 0.99, 'e': 0.3048615992561612}",20,0,-83.23233112363162,"{0: 15, 1: 0, 2: 3, 3: 0, 4: 2}",0
481,False,"{'a': 0.99, 'e': 0.3034758942546115}",20,15,2.3672826756952445,"{0: 4, 1: 1, 2: 0, 3: 0, 4: 0}",1
482,False,"{'a': 0.99, 'e': 0.30209018925306186}",25,8,-21.259978475265928,"{0: 14, 1: 1, 2: 0, 3: 2, 4: 0}",1
483,False,"{'a': 0.99, 'e': 0.3007044842515122}",30,4,28.681898496085317,"{0: 25, 1: 0, 2: 1, 3: 0, 4: 0}",1
484,False,"{'a': 0.99, 'e': 0.29931877924996253}",20,3,-106.34479228176039,"{0: 12, 1: 1, 2: 0, 3: 2, 4: 2}",1
485,False,"{'a': 0.99, 'e': 0.29793307424841287}",25,0,11.53900133764017,"{0: 23, 1: 0, 2: 2, 3: 0, 4: 0}",0
486,False,"{'a': 0.99, 'e': 0.2965473692468632}",20,8,-33.11654227230012,"{0: 9, 1: 0, 2: 1, 3: 2, 4: 0}",1
487,False,"{'a': 0.99, 'e': 0.29516166424531354}",20,0,24.260053603553356,"{0: 19, 1: 1, 2: 0, 3: 0, 4: 0}",0
488,False,"{'a': 0.99, 'e': 0.2937759592437639}",25,0,-56.60265265673122,"{0: 19, 1: 1, 2: 4, 3: 0, 4: 1}",0
489,False,"{'a': 0.99, 'e': 0.2923902542422142}",20,0,13.930989305089913,"{0: 18, 1: 0, 2: 2, 3: 0, 4: 0}",0
490,False,"{'a': 0.99, 'e': 0.29100454924066455}",20,5,1.0828902225813648,"{0: 13, 1: 0, 2: 2, 3: 0, 4: 0}",1
491,False,"{'a': 0.99, 'e': 0.2896188442391149}",20,0,-13.938054825105922,"{0: 16, 1: 1, 2: 3, 3: 0, 4: 0}",0
492,False,"{'a': 0.99, 'e': 0.2882331392375652}",30,0,-53.10324586346934,"{0: 25, 1: 1, 2: 2, 3: 1, 4: 1}",0
493,False,"{'a': 0.99, 'e': 0.28684743423601555}",25,6,5.955743874243352,"{0: 17, 1: 0, 2: 2, 3: 0, 4: 0}",1
494,False,"{'a': 0.99, 'e': 0.2854617292344659}",20,0,18.468018765785068,"{0: 19, 1: 0, 2: 1, 3: 0, 4: 0}",0
495,False,"{'a': 0.99, 'e': 0.2840760242329162}",20,3,-17.509002615708702,"{0: 13, 1: 1, 2: 3, 3: 0, 4: 0}",1
496,False,"{'a': 0.99, 'e': 0.28269031923136656}",35,9,-16.247010452223527,"{0: 21, 1: 0, 2: 5, 3: 0, 4: 0}",1
497,False,"{'a': 0.99, 'e': 0.2813046142298169}",25,16,5.1982482776854715,"{0: 8, 1: 0, 2: 1, 3: 0, 4: 0}",1
498,False,"{'a': 0.99, 'e': 0.27991890922826723}",25,10,-36.68984530541623,"{0: 13, 1: 0, 2: 0, 3: 1, 4: 1}",1
499,False,"{'a': 0.99, 'e': 0.27853320422671757}",25,10,15.90658770503741,"{0: 14, 1: 0, 2: 1, 3: 0, 4: 0}",1
500,False,"{'a': 0.99, 'e': 0.2771474992251679}",30,0,-11.756475828859633,"{0: 28, 1: 1, 2: 0, 3: 0, 4: 1}",0
501,False,"{'a': 0.99, 'e': 0.27576179422361824}",25,4,-0.6719668432088788,"{0: 19, 1: 0, 2: 1, 3: 1, 4: 0}",1
502,False,"{'a': 0.99, 'e': 0.2743760892220686}",25,13,6.157510945807264,"{0: 11, 1: 0, 2: 1, 3: 0, 4: 0}",1
503,False,"{'a': 0.99, 'e': 0.2729903842205189}",25,0,0.8350717812845065,"{0: 22, 1: 0, 2: 3, 3: 0, 4: 0}",0
504,False,"{'a': 0.99, 'e': 0.27160467921896925}",20,0,1.1225070439026392,"{0: 18, 1: 0, 2: 1, 3: 1, 4: 0}",0
505,False,"{'a': 0.99, 'e': 0.2702189742174196}",25,0,28.07911066243258,"{0: 24, 1: 0, 2: 1, 3: 0, 4: 0}",0
506,False,"{'a': 0.99, 'e': 0.2688332692158699}",30,11,-4.408724692655762,"{0: 17, 1: 0, 2: 1, 3: 1, 4: 0}",1
507,False,"{'a': 0.99, 'e': 0.26744756421432025}",35,2,-20.73466351770978,"{0: 29, 1: 1, 2: 2, 3: 0, 4: 1}",1
508,False,"{'a': 0.99, 'e': 0.2660618592127706}",30,19,17.840629436626465,"{0: 11, 1: 0, 2: 0, 3: 0, 4: 0}",1
509,False,"{'a': 0.99, 'e': 0.2646761542112209}",35,19,-58.803695600103545,"{0: 10, 1: 0, 2: 4, 3: 2, 4: 0}",1
510,False,"{'a': 0.99, 'e': 0.26329044920967126}",20,2,22.586553324773163,"{0: 17, 1: 1, 2: 0, 3: 0, 4: 0}",1
511,False,"{'a': 0.99, 'e': 0.2619047442081216}",25,0,-38.455096800955765,"{0: 22, 1: 0, 2: 2, 3: 0, 4: 1}",0
512,False,"{'a': 0.99, 'e': 0.26051903920657193}",20,4,-23.777187748494978,"{0: 14, 1: 1, 2: 0, 3: 0, 4: 1}",1
513,False,"{'a': 0.99, 'e': 0.25913333420502227}",30,0,-43.704927728271244,"{0: 25, 1: 1, 2: 3, 3: 0, 4: 1}",0
514,False,"{'a': 0.99, 'e': 0.2577476292034726}",25,0,34.801699804741794,"{0: 25, 1: 0, 2: 0, 3: 0, 4: 0}",0
515,False,"{'a': 0.99, 'e': 0.25636192420192294}",35,12,-76.72127346329465,"{0: 17, 1: 0, 2: 4, 3: 1, 4: 1}",1
516,False,"{'a': 0.99, 'e': 0.2549762192003733}",25,15,2.281628378516576,"{0: 9, 1: 0, 2: 1, 3: 0, 4: 0}",1
517,False,"{'a': 0.99, 'e': 0.2535905141988236}",20,0,-19.491058286046613,"{0: 18, 1: 0, 2: 1, 3: 0, 4: 1}",0
518,False,"{'a': 0.99, 'e': 0.25220480919727395}",25,0,-12.834495900248708,"{0: 23, 1: 0, 2: 1, 3: 0, 4: 1}",0
519,False,"{'a': 0.99, 'e': 0.2508191041957243}",30,22,13.696015363967753,"{0: 8, 1: 0, 2: 0, 3: 0, 4: 0}",1
520,False,"{'a': 0.99, 'e': 0.24943339919417465}",25,0,-33.62751339809902,"{0: 19, 1: 2, 2: 3, 3: 1, 4: 0}",0
521,False,"{'a': 0.99, 'e': 0.248047694192625}",25,9,18.396431153239565,"{0: 15, 1: 1, 2: 0, 3: 0, 4: 0}",1
522,False,"{'a': 0.99, 'e': 0.24666198919107538}",20,3,7.740983280775505,"{0: 15, 1: 1, 2: 1, 3: 0, 4: 0}",1
523,False,"{'a': 0.99, 'e': 0.24527628418952574}",30,12,9.487305389293667,"{0: 16, 1: 0, 2: 2, 3: 0, 4: 0}",1
524,False,"{'a': 0.99, 'e': 0.2438905791879761}",25,4,-61.11679007402734,"{0: 18, 1: 0, 2: 1, 3: 0, 4: 2}",1
525,False,"{'a': 0.99, 'e': 0.24250487418642647}",20,12,13.712909912681862,"{0: 8, 1: 0, 2: 0, 3: 0, 4: 0}",1
526,False,"{'a': 0.99, 'e': 0.24111916918487683}",30,0,-49.1851920451199,"{0: 25, 1: 0, 2: 4, 3: 0, 4: 1}",0
527,False,"{'a': 0.99, 'e': 0.2397334641833272}",35,21,-37.12579463134869,"{0: 11, 1: 1, 2: 1, 3: 0, 4: 1}",1
528,False,"{'a': 0.99, 'e': 0.23834775918177756}",20,10,-30.848451066707838,"{0: 8, 1: 1, 2: 0, 3: 0, 4: 1}",1
529,False,"{'a': 0.99, 'e': 0.23696205418022792}",20,15,9.657076315515628,"{0: 5, 1: 0, 2: 0, 3: 0, 4: 0}",1
530,False,"{'a': 0.99, 'e': 0.23557634917867828}",25,3,31.144119548091055,"{0: 22, 1: 0, 2: 0, 3: 0, 4: 0}",1
531,False,"{'a': 0.99, 'e': 0.23419064417712865}",30,16,15.251180741582232,"{0: 13, 1: 0, 2: 1, 3: 0, 4: 0}",1
532,False,"{'a': 0.99, 'e': 0.232804939175579}",25,0,-11.595344079513286,"{0: 21, 1: 0, 2: 4, 3: 0, 4: 0}",0
533,False,"{'a': 0.99, 'e': 0.23141923417402938}",20,1,14.141216050681155,"{0: 17, 1: 1, 2: 1, 3: 0, 4: 0}",1
534,False,"{'a': 0.99, 'e': 0.23003352917247974}",25,1,22.385539675492353,"{0: 23, 1: 0, 2: 1, 3: 0, 4: 0}",1
535,False,"{'a': 0.99, 'e': 0.2286478241709301}",20,0,-52.50389159594688,"{0: 16, 1: 1, 2: 1, 3: 1, 4: 1}",0
536,False,"{'a': 0.99, 'e': 0.22726211916938047}",25,13,6.732434301270091,"{0: 11, 1: 0, 2: 1, 3: 0, 4: 0}",1
537,False,"{'a': 0.99, 'e': 0.22587641416783083}",20,10,8.13681324792226,"{0: 9, 1: 0, 2: 1, 3: 0, 4: 0}",1
538,False,"{'a': 0.99, 'e': 0.2244907091662812}",20,16,5.569681683979198,"{0: 4, 1: 0, 2: 0, 3: 0, 4: 0}",1
539,False,"{'a': 0.99, 'e': 0.22310500416473156}",35,8,-23.242014808066457,"{0: 23, 1: 1, 2: 2, 3: 0, 4: 1}",1
540,False,"{'a': 0.99, 'e': 0.22171929916318192}",25,3,5.841589063247229,"{0: 20, 1: 0, 2: 2, 3: 0, 4: 0}",1
541,False,"{'a': 0.99, 'e': 0.22033359416163228}",20,7,16.809725491414948,"{0: 13, 1: 0, 2: 0, 3: 0, 4: 0}",1
542,False,"{'a': 0.99, 'e': 0.21894788916008265}",25,17,-26.876275672388346,"{0: 7, 1: 0, 2: 0, 3: 0, 4: 1}",1
543,False,"{'a': 0.99, 'e': 0.217562184158533}",20,0,26.287160721818328,"{0: 20, 1: 0, 2: 0, 3: 0, 4: 0}",0
544,False,"{'a': 0.99, 'e': 0.21617647915698338}",25,13,8.941350039584897,"{0: 11, 1: 0, 2: 1, 3: 0, 4: 0}",1
545,False,"{'a': 0.99, 'e': 0.21479077415543374}",20,11,18.09115003557156,"{0: 9, 1: 0, 2: 0, 3: 0, 4: 0}",1
546,False,"{'a': 0.99, 'e': 0.2134050691538841}",30,16,26.376743990245703,"{0: 14, 1: 0, 2: 0, 3: 0, 4: 0}",1
547,False,"{'a': 0.99, 'e': 0.21201936415233447}",20,9,-19.51270736652542,"{0: 10, 1: 0, 2: 0, 3: 0, 4: 1}",1
548,False,"{'a': 0.99, 'e': 0.21063365915078483}",20,15,0.5405903618103212,"{0: 4, 1: 0, 2: 1, 3: 0, 4: 0}",1
549,False,"{'a': 0.99, 'e': 0.2092479541492352}",20,13,13.79789877435155,"{0: 7, 1: 0, 2: 0, 3: 0, 4: 0}",1
550,False,"{'a': 0.99, 'e': 0.20786224914768556}",20,3,-35.97957054559207,"{0: 13, 1: 2, 2: 1, 3: 0, 4: 1}",1
551,False,"{'a': 0.99, 'e': 0.20647654414613592}",20,1,20.60233863153518,"{0: 18, 1: 0, 2: 1, 3: 0, 4: 0}",1
552,False,"{'a': 0.99, 'e': 0.20509083914458628}",20,16,7.6778627677379285,"{0: 4, 1: 0, 2: 0, 3: 0, 4: 0}",1
553,False,"{'a': 0.99, 'e': 0.20370513414303665}",20,6,15.299162389357576,"{0: 13, 1: 1, 2: 0, 3: 0, 4: 0}",1
554,False,"{'a': 0.99, 'e': 0.202319429141487}",25,4,-21.93647261210636,"{0: 17, 1: 0, 2: 3, 3: 1, 4: 0}",1
555,False,"{'a': 0.99, 'e': 0.20093372413993738}",25,14,20.95162799216134,"{0: 11, 1: 0, 2: 0, 3: 0, 4: 0}",1
556,False,"{'a': 0.99, 'e': 0.19954801913838774}",20,9,23.761311886211637,"{0: 11, 1: 0, 2: 0, 3: 0, 4: 0}",1
557,False,"{'a': 0.99, 'e': 0.1981623141368381}",25,5,-3.548372592836201,"{0: 18, 1: 0, 2: 1, 3: 1, 4: 0}",1
558,False,"{'a': 0.99, 'e': 0.19677660913528847}",25,6,-15.35599458491013,"{0: 18, 1: 0, 2: 0, 3: 0, 4: 1}",1
559,False,"{'a': 0.99, 'e': 0.19539090413373883}",25,0,8.370062475034013,"{0: 22, 1: 1, 2: 2, 3: 0, 4: 0}",0
560,False,"{'a': 0.99, 'e': 0.1940051991321892}",25,5,36.384831177051716,"{0: 20, 1: 0, 2: 0, 3: 0, 4: 0}",1
561,False,"{'a': 0.99, 'e': 0.19261949413063956}",30,4,-22.21171786607539,"{0: 24, 1: 0, 2: 0, 3: 1, 4: 1}",1
562,False,"{'a': 0.99, 'e': 0.19123378912908992}",20,1,19.167470011862438,"{0: 18, 1: 0, 2: 1, 3: 0, 4: 0}",1
563,False,"{'a': 0.99, 'e': 0.18984808412754028}",20,3,-38.87420347609373,"{0: 14, 1: 0, 2: 2, 3: 0, 4: 1}",1
564,False,"{'a': 0.99, 'e': 0.18846237912599065}",25,0,0.7005244247550231,"{0: 21, 1: 2, 2: 2, 3: 0, 4: 0}",0
565,False,"{'a': 0.99, 'e': 0.187076674124441}",30,10,22.875525247719704,"{0: 18, 1: 2, 2: 0, 3: 0, 4: 0}",1
566,False,"{'a': 0.99, 'e': 0.18569096912289138}",25,15,20.990142696747746,"{0: 10, 1: 0, 2: 0, 3: 0, 4: 0}",1
567,False,"{'a': 0.99, 'e': 0.18430526412134174}",25,15,17.54490113357074,"{0: 10, 1: 0, 2: 0, 3: 0, 4: 0}",1
568,False,"{'a': 0.99, 'e': 0.1829195591197921}",25,0,-54.5865822580341,"{0: 22, 1: 0, 2: 1, 3: 0, 4: 2}",0
569,False,"{'a': 0.99, 'e': 0.18153385411824247}",30,16,21.968188804449447,"{0: 14, 1: 0, 2: 0, 3: 0, 4: 0}",1
570,False,"{'a': 0.99, 'e': 0.18014814911669283}",20,14,11.925042321117768,"{0: 6, 1: 0, 2: 0, 3: 0, 4: 0}",1
571,False,"{'a': 0.99, 'e': 0.1787624441151432}",20,12,-39.11720340506025,"{0: 6, 1: 0, 2: 1, 3: 0, 4: 1}",1
572,False,"{'a': 0.99, 'e': 0.17737673911359356}",20,11,-6.727029510642175,"{0: 8, 1: 0, 2: 0, 3: 1, 4: 0}",1
573,False,"{'a': 0.99, 'e': 0.17599103411204392}",30,13,6.621960217182872,"{0: 16, 1: 0, 2: 0, 3: 1, 4: 0}",1
574,False,"{'a': 0.99, 'e': 0.17460532911049428}",25,0,19.0474755369199,"{0: 23, 1: 0, 2: 2, 3: 0, 4: 0}",0
575,False,"{'a': 0.99, 'e': 0.17321962410894465}",20,5,10.020672351836792,"{0: 14, 1: 0, 2: 1, 3: 0, 4: 0}",1
576,False,"{'a': 0.99, 'e': 0.171833919107395}",20,8,-5.679869115528411,"{0: 10, 1: 0, 2: 2, 3: 0, 4: 0}",1
577,False,"{'a': 0.99, 'e': 0.17044821410584537}",20,7,24.02384125778984,"{0: 13, 1: 0, 2: 0, 3: 0, 4: 0}",1
578,False,"{'a': 0.99, 'e': 0.16906250910429574}",20,14,10.745324398203941,"{0: 6, 1: 0, 2: 0, 3: 0, 4: 0}",1
579,False,"{'a': 0.99, 'e': 0.1676768041027461}",25,5,32.694511010269636,"{0: 20, 1: 0, 2: 0, 3: 0, 4: 0}",1
580,False,"{'a': 0.99, 'e': 0.16629109910119647}",30,13,-30.584529586314208,"{0: 14, 1: 0, 2: 2, 3: 0, 4: 1}",1
581,False,"{'a': 0.99, 'e': 0.16490539409964683}",20,10,0.0776534473256083,"{0: 8, 1: 1, 2: 1, 3: 0, 4: 0}",1
582,False,"{'a': 0.99, 'e': 0.1635196890980972}",20,13,15.498447462755394,"{0: 7, 1: 0, 2: 0, 3: 0, 4: 0}",1
583,False,"{'a': 0.99, 'e': 0.16213398409654756}",25,11,19.419159978925514,"{0: 14, 1: 0, 2: 0, 3: 0, 4: 0}",1
584,False,"{'a': 0.99, 'e': 0.16074827909499792}",20,0,8.964349489758133,"{0: 18, 1: 1, 2: 1, 3: 0, 4: 0}",0
585,False,"{'a': 0.99, 'e': 0.15936257409344828}",30,18,22.60088659272322,"{0: 12, 1: 0, 2: 0, 3: 0, 4: 0}",1
586,False,"{'a': 0.99, 'e': 0.15797686909189865}",25,3,26.980658338766098,"{0: 21, 1: 1, 2: 0, 3: 0, 4: 0}",1
587,False,"{'a': 0.99, 'e': 0.156591164090349}",30,11,37.777326777986474,"{0: 19, 1: 0, 2: 0, 3: 0, 4: 0}",1
588,False,"{'a': 0.99, 'e': 0.15520545908879937}",25,0,-80.46013971763233,"{0: 20, 1: 0, 2: 3, 3: 0, 4: 2}",0
589,False,"{'a': 0.99, 'e': 0.15381975408724974}",20,5,25.952127788647598,"{0: 15, 1: 0, 2: 0, 3: 0, 4: 0}",1
590,False,"{'a': 0.99, 'e': 0.1524340490857001}",20,9,19.713576918341168,"{0: 11, 1: 0, 2: 0, 3: 0, 4: 0}",1
591,False,"{'a': 0.99, 'e': 0.15104834408415047}",20,0,32.33715793623506,"{0: 20, 1: 0, 2: 0, 3: 0, 4: 0}",0
592,False,"{'a': 0.99, 'e': 0.14966263908260083}",25,4,-11.487842384395215,"{0: 17, 1: 0, 2: 4, 3: 0, 4: 0}",1
593,False,"{'a': 0.99, 'e': 0.1482769340810512}",30,17,12.951680284968397,"{0: 12, 1: 0, 2: 1, 3: 0, 4: 0}",1
594,False,"{'a': 0.99, 'e': 0.14689122907950156}",20,15,9.214420440453747,"{0: 5, 1: 0, 2: 0, 3: 0, 4: 0}",1
595,False,"{'a': 0.99, 'e': 0.14550552407795192}",20,14,10.965326761958984,"{0: 6, 1: 0, 2: 0, 3: 0, 4: 0}",1
596,False,"{'a': 0.99, 'e': 0.14411981907640228}",20,3,28.528710536121864,"{0: 17, 1: 0, 2: 0, 3: 0, 4: 0}",1
597,False,"{'a': 0.99, 'e': 0.14273411407485265}",30,0,24.42630499729836,"{0: 28, 1: 0, 2: 2, 3: 0, 4: 0}",0
598,False,"{'a': 0.99, 'e': 0.141348409073303}",20,0,-35.411694382197446,"{0: 17, 1: 1, 2: 1, 3: 0, 4: 1}",0
599,False,"{'a': 0.99, 'e': 0.13996270407175337}",20,8,-23.262449399330155,"{0: 11, 1: 0, 2: 0, 3: 0, 4: 1}",1
600,False,"{'a': 0.99, 'e': 0.13857699907020374}",30,14,8.077530444551659,"{0: 14, 1: 1, 2: 1, 3: 0, 4: 0}",1
601,False,"{'a': 0.99, 'e': 0.1371912940686541}",20,8,23.663582313015176,"{0: 12, 1: 0, 2: 0, 3: 0, 4: 0}",1
602,False,"{'a': 0.99, 'e': 0.13580558906710447}",30,11,32.38355427966585,"{0: 19, 1: 0, 2: 0, 3: 0, 4: 0}",1
603,False,"{'a': 0.99, 'e': 0.13441988406555483}",25,8,-6.208057759946934,"{0: 14, 1: 0, 2: 3, 3: 0, 4: 0}",1
604,False,"{'a': 0.99, 'e': 0.1330341790640052}",30,20,18.054579841039004,"{0: 10, 1: 0, 2: 0, 3: 0, 4: 0}",1
605,False,"{'a': 0.99, 'e': 0.13164847406245556}",30,0,-27.308748111159726,"{0: 26, 1: 0, 2: 3, 3: 0, 4: 1}",0
606,False,"{'a': 0.99, 'e': 0.13026276906090592}",25,7,16.034854375232854,"{0: 16, 1: 1, 2: 1, 3: 0, 4: 0}",1
607,False,"{'a': 0.99, 'e': 0.12887706405935628}",20,11,2.244517799080123,"{0: 8, 1: 0, 2: 1, 3: 0, 4: 0}",1
608,False,"{'a': 0.99, 'e': 0.12749135905780665}",20,6,13.72241878975139,"{0: 13, 1: 0, 2: 1, 3: 0, 4: 0}",1
609,False,"{'a': 0.99, 'e': 0.126105654056257}",30,0,24.05974235780171,"{0: 27, 1: 1, 2: 2, 3: 0, 4: 0}",0
610,False,"{'a': 0.99, 'e': 0.12471994905470736}",30,0,-47.751792969609255,"{0: 27, 1: 0, 2: 1, 3: 0, 4: 2}",0
611,False,"{'a': 0.99, 'e': 0.12333424405315771}",20,4,24.33713837846125,"{0: 16, 1: 0, 2: 0, 3: 0, 4: 0}",1
612,False,"{'a': 0.99, 'e': 0.12194853905160806}",20,9,19.22289995015069,"{0: 11, 1: 0, 2: 0, 3: 0, 4: 0}",1
613,False,"{'a': 0.99, 'e': 0.12056283405005841}",20,0,4.776152785984739,"{0: 18, 1: 0, 2: 2, 3: 0, 4: 0}",0
614,False,"{'a': 0.99, 'e': 0.11917712904850876}",20,9,17.24724870862425,"{0: 11, 1: 0, 2: 0, 3: 0, 4: 0}",1
615,False,"{'a': 0.99, 'e': 0.11779142404695911}",20,7,24.02720883243891,"{0: 13, 1: 0, 2: 0, 3: 0, 4: 0}",1
616,False,"{'a': 0.99, 'e': 0.11640571904540946}",20,0,6.3081404739135865,"{0: 19, 1: 0, 2: 0, 3: 1, 4: 0}",0
617,False,"{'a': 0.99, 'e': 0.11502001404385981}",20,0,30.92479887587761,"{0: 20, 1: 0, 2: 0, 3: 0, 4: 0}",0
618,False,"{'a': 0.99, 'e': 0.11363430904231016}",20,0,-22.433262688971165,"{0: 18, 1: 1, 2: 0, 3: 0, 4: 1}",0
619,False,"{'a': 0.99, 'e': 0.11224860404076051}",20,3,13.403559735992186,"{0: 16, 1: 0, 2: 1, 3: 0, 4: 0}",1
620,False,"{'a': 0.99, 'e': 0.11086289903921086}",25,12,26.05542651868029,"{0: 13, 1: 0, 2: 0, 3: 0, 4: 0}",1
621,False,"{'a': 0.99, 'e': 0.10947719403766121}",25,16,17.835707523826034,"{0: 9, 1: 0, 2: 0, 3: 0, 4: 0}",1
622,False,"{'a': 0.99, 'e': 0.10809148903611156}",25,6,27.58062255550326,"{0: 18, 1: 1, 2: 0, 3: 0, 4: 0}",1
623,False,"{'a': 0.99, 'e': 0.1067057840345619}",25,17,15.69414099890425,"{0: 8, 1: 0, 2: 0, 3: 0, 4: 0}",1
624,False,"{'a': 0.99, 'e': 0.10532007903301226}",25,17,13.376015719645666,"{0: 8, 1: 0, 2: 0, 3: 0, 4: 0}",1
625,False,"{'a': 0.99, 'e': 0.1039343740314626}",25,14,11.77897835526282,"{0: 10, 1: 1, 2: 0, 3: 0, 4: 0}",1
626,False,"{'a': 0.99, 'e': 0.10254866902991296}",25,14,19.99580759837517,"{0: 11, 1: 0, 2: 0, 3: 0, 4: 0}",1
627,False,"{'a': 0.99, 'e': 0.1011629640283633}",25,15,5.871726613172932,"{0: 8, 1: 2, 2: 0, 3: 0, 4: 0}",1
628,False,"{'a': 0.99, 'e': 0.09977725902681366}",25,19,11.55606835532501,"{0: 6, 1: 0, 2: 0, 3: 0, 4: 0}",1
629,False,"{'a': 0.99, 'e': 0.098391554025264}",30,16,26.3120249366091,"{0: 14, 1: 0, 2: 0, 3: 0, 4: 0}",1
630,False,"{'a': 0.99, 'e': 0.09700584902371436}",25,15,14.747377929456672,"{0: 10, 1: 0, 2: 0, 3: 0, 4: 0}",1
631,False,"{'a': 0.99, 'e': 0.0956201440221647}",30,0,27.06496274383817,"{0: 29, 1: 0, 2: 1, 3: 0, 4: 0}",0
632,False,"{'a': 0.99, 'e': 0.09423443902061505}",20,12,16.11707280722193,"{0: 8, 1: 0, 2: 0, 3: 0, 4: 0}",1
633,False,"{'a': 0.99, 'e': 0.0928487340190654}",20,3,25.091267627244136,"{0: 17, 1: 0, 2: 0, 3: 0, 4: 0}",1
634,False,"{'a': 0.99, 'e': 0.09146302901751575}",20,0,28.602106054939505,"{0: 20, 1: 0, 2: 0, 3: 0, 4: 0}",0
635,False,"{'a': 0.99, 'e': 0.0900773240159661}",25,19,2.799799644055363,"{0: 5, 1: 1, 2: 0, 3: 0, 4: 0}",1
636,False,"{'a': 0.99, 'e': 0.08869161901441645}",20,0,27.448204577519068,"{0: 20, 1: 0, 2: 0, 3: 0, 4: 0}",0
637,False,"{'a': 0.99, 'e': 0.0873059140128668}",20,12,16.990592919270025,"{0: 8, 1: 0, 2: 0, 3: 0, 4: 0}",1
638,False,"{'a': 0.99, 'e': 0.08592020901131715}",30,4,-12.507950630656843,"{0: 24, 1: 0, 2: 1, 3: 0, 4: 1}",1
639,False,"{'a': 0.99, 'e': 0.0845345040097675}",25,10,-17.702192588922337,"{0: 14, 1: 0, 2: 0, 3: 0, 4: 1}",1
640,False,"{'a': 0.99, 'e': 0.08314879900821785}",30,13,34.746878777125836,"{0: 17, 1: 0, 2: 0, 3: 0, 4: 0}",1
641,False,"{'a': 0.99, 'e': 0.0817630940066682}",20,12,-29.533848096640394,"{0: 7, 1: 0, 2: 0, 3: 0, 4: 1}",1
642,False,"{'a': 0.99, 'e': 0.08037738900511855}",20,0,18.11036658343176,"{0: 19, 1: 0, 2: 1, 3: 0, 4: 0}",1
643,False,"{'a': 0.99, 'e': 0.0789916840035689}",25,12,25.13071494560699,"{0: 13, 1: 0, 2: 0, 3: 0, 4: 0}",1
644,False,"{'a': 0.99, 'e': 0.07760597900201925}",20,0,-10.893235840964282,"{0: 19, 1: 0, 2: 0, 3: 0, 4: 1}",1
645,False,"{'a': 0.99, 'e': 0.0762202740004696}",30,12,4.358921189035203,"{0: 16, 1: 0, 2: 2, 3: 0, 4: 0}",1
646,False,"{'a': 0.99, 'e': 0.07483456899891995}",20,8,21.192965281728725,"{0: 12, 1: 0, 2: 0, 3: 0, 4: 0}",1
647,False,"{'a': 0.99, 'e': 0.0734488639973703}",25,14,19.00145959645272,"{0: 11, 1: 0, 2: 0, 3: 0, 4: 0}",1
648,False,"{'a': 0.99, 'e': 0.07206315899582065}",25,18,14.706268634546586,"{0: 7, 1: 0, 2: 0, 3: 0, 4: 0}",1
649,False,"{'a': 0.99, 'e': 0.070677453994271}",20,8,24.397885663186553,"{0: 12, 1: 0, 2: 0, 3: 0, 4: 0}",1
650,False,"{'a': 0.99, 'e': 0.06929174899272135}",30,19,20.38616469858872,"{0: 11, 1: 0, 2: 0, 3: 0, 4: 0}",1
651,False,"{'a': 0.99, 'e': 0.0679060439911717}",25,8,31.806750034860038,"{0: 17, 1: 0, 2: 0, 3: 0, 4: 0}",1
652,False,"{'a': 0.99, 'e': 0.06652033898962205}",25,19,8.970299652148885,"{0: 6, 1: 0, 2: 0, 3: 0, 4: 0}",1
653,False,"{'a': 0.99, 'e': 0.0651346339880724}",25,0,38.38070299414486,"{0: 25, 1: 0, 2: 0, 3: 0, 4: 0}",0
654,False,"{'a': 0.99, 'e': 0.06374892898652275}",35,14,13.912666904090365,"{0: 19, 1: 1, 2: 1, 3: 0, 4: 0}",1
655,False,"{'a': 0.99, 'e': 0.062363223984973105}",25,7,33.14490438880402,"{0: 18, 1: 0, 2: 0, 3: 0, 4: 0}",1
656,False,"{'a': 0.99, 'e': 0.06097751898342346}",30,3,42.544215857544,"{0: 27, 1: 0, 2: 0, 3: 0, 4: 0}",1
657,False,"{'a': 0.99, 'e': 0.05959181398187382}",20,1,20.851706340729486,"{0: 18, 1: 0, 2: 1, 3: 0, 4: 0}",1
658,False,"{'a': 0.99, 'e': 0.058206108980324175}",20,0,25.835996293154434,"{0: 20, 1: 0, 2: 0, 3: 0, 4: 0}",0
659,False,"{'a': 0.99, 'e': 0.05682040397877453}",25,13,17.952585540920136,"{0: 12, 1: 0, 2: 0, 3: 0, 4: 0}",1
660,False,"{'a': 0.99, 'e': 0.05543469897722489}",20,8,23.129541414986516,"{0: 12, 1: 0, 2: 0, 3: 0, 4: 0}",1
661,False,"{'a': 0.99, 'e': 0.054048993975675245}",20,2,24.318587362947603,"{0: 18, 1: 0, 2: 0, 3: 0, 4: 0}",1
662,False,"{'a': 0.99, 'e': 0.0526632889741256}",25,13,19.551469244230102,"{0: 12, 1: 0, 2: 0, 3: 0, 4: 0}",1
663,False,"{'a': 0.99, 'e': 0.05127758397257596}",20,7,12.283635948392243,"{0: 12, 1: 0, 2: 1, 3: 0, 4: 0}",1
664,False,"{'a': 0.99, 'e': 0.049891878971026316}",20,8,21.53286150045724,"{0: 12, 1: 0, 2: 0, 3: 0, 4: 0}",1
665,False,"{'a': 0.99, 'e': 0.04850617396947667}",25,7,31.577103954147223,"{0: 18, 1: 0, 2: 0, 3: 0, 4: 0}",1
666,False,"{'a': 0.99, 'e': 0.04712046896792703}",30,16,12.440752699292245,"{0: 13, 1: 0, 2: 1, 3: 0, 4: 0}",1
667,False,"{'a': 0.99, 'e': 0.045734763966377386}",25,20,10.235857422199503,"{0: 5, 1: 0, 2: 0, 3: 0, 4: 0}",1
668,False,"{'a': 0.99, 'e': 0.04434905896482774}",20,12,18.36883754047638,"{0: 8, 1: 0, 2: 0, 3: 0, 4: 0}",1
669,False,"{'a': 0.99, 'e': 0.0429633539632781}",25,10,-2.2825887002474334,"{0: 13, 1: 0, 2: 2, 3: 0, 4: 0}",1
670,False,"{'a': 0.99, 'e': 0.041577648961728456}",20,6,26.463284615770537,"{0: 14, 1: 0, 2: 0, 3: 0, 4: 0}",1
671,False,"{'a': 0.99, 'e': 0.04019194396017881}",35,12,44.76273813539248,"{0: 23, 1: 0, 2: 0, 3: 0, 4: 0}",1
672,False,"{'a': 0.99, 'e': 0.03880623895862917}",20,11,15.300504980758097,"{0: 9, 1: 0, 2: 0, 3: 0, 4: 0}",1
673,False,"{'a': 0.99, 'e': 0.037420533957079526}",20,2,30.745547071835126,"{0: 18, 1: 0, 2: 0, 3: 0, 4: 0}",1
674,False,"{'a': 0.99, 'e': 0.03603482895552988}",20,12,15.01847602536254,"{0: 8, 1: 0, 2: 0, 3: 0, 4: 0}",1
675,False,"{'a': 0.99, 'e': 0.03464912395398024}",25,8,25.959005257679628,"{0: 17, 1: 0, 2: 0, 3: 0, 4: 0}",1
676,False,"{'a': 0.99, 'e': 0.033263418952430596}",20,12,14.29354132622242,"{0: 8, 1: 0, 2: 0, 3: 0, 4: 0}",1
677,False,"{'a': 0.99, 'e': 0.03187771395088095}",25,8,30.601572489396553,"{0: 17, 1: 0, 2: 0, 3: 0, 4: 0}",1
678,False,"{'a': 0.99, 'e': 0.03049200894933131}",25,13,19.33917378507107,"{0: 12, 1: 0, 2: 0, 3: 0, 4: 0}",1
679,False,"{'a': 0.99, 'e': 0.029106303947781666}",25,0,36.55556516994633,"{0: 25, 1: 0, 2: 0, 3: 0, 4: 0}",0
680,False,"{'a': 0.99, 'e': 0.027720598946232022}",35,10,-1.1719347521435055,"{0: 24, 1: 0, 2: 0, 3: 0, 4: 1}",1
681,False,"{'a': 0.99, 'e': 0.02633489394468238}",25,9,33.75564351759152,"{0: 16, 1: 0, 2: 0, 3: 0, 4: 0}",1
682,False,"{'a': 0.99, 'e': 0.024949188943132736}",20,0,29.71532873758086,"{0: 20, 1: 0, 2: 0, 3: 0, 4: 0}",0
683,False,"{'a': 0.99, 'e': 0.023563483941583092}",35,27,12.645860271710372,"{0: 8, 1: 0, 2: 0, 3: 0, 4: 0}",1
684,False,"{'a': 0.99, 'e': 0.02217777894003345}",20,14,12.92092619730446,"{0: 6, 1: 0, 2: 0, 3: 0, 4: 0}",1
685,False,"{'a': 0.99, 'e': 0.020792073938483806}",25,9,29.847110415642394,"{0: 16, 1: 0, 2: 0, 3: 0, 4: 0}",1
686,False,"{'a': 0.99, 'e': 0.019406368936934162}",25,14,21.828953427193426,"{0: 11, 1: 0, 2: 0, 3: 0, 4: 0}",1
687,False,"{'a': 0.99, 'e': 0.01802066393538452}",30,17,24.74834985230961,"{0: 13, 1: 0, 2: 0, 3: 0, 4: 0}",1
688,False,"{'a': 0.99, 'e': 0.016634958933834876}",20,5,12.570182215686893,"{0: 14, 1: 0, 2: 1, 3: 0, 4: 0}",1
689,False,"{'a': 0.99, 'e': 0.015249253932285232}",25,7,30.129393964803995,"{0: 18, 1: 0, 2: 0, 3: 0, 4: 0}",1
690,False,"{'a': 0.99, 'e': 0.01386354893073559}",25,2,33.260454009240526,"{0: 23, 1: 0, 2: 0, 3: 0, 4: 0}",1
691,False,"{'a': 0.99, 'e': 0.012477843929185946}",20,14,9.288961305756605,"{0: 6, 1: 0, 2: 0, 3: 0, 4: 0}",1
692,False,"{'a': 0.99, 'e': 0.011092138927636302}",30,23,15.024051485809514,"{0: 7, 1: 0, 2: 0, 3: 0, 4: 0}",1
693,False,"{'a': 0.99, 'e': 0.00970643392608666}",20,12,7.555167963858111,"{0: 7, 1: 1, 2: 0, 3: 0, 4: 0}",1
694,False,"{'a': 0.99, 'e': 0.008320728924537016}",25,18,12.938286339933079,"{0: 7, 1: 0, 2: 0, 3: 0, 4: 0}",1
695,False,"{'a': 0.99, 'e': 0.006935023922987372}",20,0,25.198850925349994,"{0: 20, 1: 0, 2: 0, 3: 0, 4: 0}",0
696,False,"{'a': 0.99, 'e': 0.0055493189214377275}",25,16,16.64058023824777,"{0: 9, 1: 0, 2: 0, 3: 0, 4: 0}",1
697,False,"{'a': 0.99, 'e': 0.004163613919888083}",20,9,22.734925257000107,"{0: 11, 1: 0, 2: 0, 3: 0, 4: 0}",1
698,False,"{'a': 0.99, 'e': 0.002777908918338439}",30,12,33.89911051566436,"{0: 18, 1: 0, 2: 0, 3: 0, 4: 0}",1
699,False,"{'a': 0.99, 'e': 0.001392203916788795}",25,11,23.815943996278897,"{0: 14, 1: 0, 2: 0, 3: 0, 4: 0}",1
700,False,"{'a': 0.99, 'e': 6.498915239150707e-06}",20,6,26.253301062636947,"{0: 14, 1: 0, 2: 0, 3: 0, 4: 0}",1
1,True,"{'a': 0.99, 'e': 0}",20,13,17.018987906771905,"{0: 7, 1: 0, 2: 0, 3: 0, 4: 0}",1
2,True,"{'a': 0.99, 'e': 0}",20,8,18.989891793299133,"{0: 12, 1: 0, 2: 0, 3: 0, 4: 0}",1
3,True,"{'a': 0.99, 'e': 0}",20,14,12.37783557880574,"{0: 6, 1: 0, 2: 0, 3: 0, 4: 0}",1
4,True,"{'a': 0.99, 'e': 0}",25,11,26.587793228530217,"{0: 14, 1: 0, 2: 0, 3: 0, 4: 0}",1
5,True,"{'a': 0.99, 'e': 0}",20,8,20.19541545674518,"{0: 12, 1: 0, 2: 0, 3: 0, 4: 0}",1
6,True,"{'a': 0.99, 'e': 0}",25,17,18.351220668577685,"{0: 8, 1: 0, 2: 0, 3: 0, 4: 0}",1
7,True,"{'a': 0.99, 'e': 0}",20,12,12.350023526978282,"{0: 8, 1: 0, 2: 0, 3: 0, 4: 0}",1
8,True,"{'a': 0.99, 'e': 0}",25,18,15.574932694700795,"{0: 7, 1: 0, 2: 0, 3: 0, 4: 0}",1
9,True,"{'a': 0.99, 'e': 0}",25,12,24.128663500749347,"{0: 13, 1: 0, 2: 0, 3: 0, 4: 0}",1
10,True,"{'a': 0.99, 'e': 0}",30,17,23.822327318366764,"{0: 13, 1: 0, 2: 0, 3: 0, 4: 0}",1
